z,theta_v,Ep_obs,Fp,T90
1.7051485308429153,4.240474720048283,102.82860903859991,12.300127285344217,0.1733658044347575
2.771388359008497,2.5107110567240722,443.65391437888115,2.5226080383363083,0.3805899395762987
1.3178784543547843,3.876423387915423,367.8076701295926,1.0982803719418301,0.7293780752828414
4.697218213273905,2.6806685670137798,470.5793966673919,0.6925137270682721,1.494197094259075
2.1104485873596612,5.034925314373566,78.6959184836552,3.0458648946273117,0.11904931376816791
1.525709487309233,3.483722122614909,359.8510498294769,0.9439208231888695,0.8109882760249574
1.5024724382570493,1.5257168695243064,2771.671977915575,5.144705460512276,1.2371892840920875
0.5797350708537055,3.726861899847376,149.2742846394703,2.5427235763224374,1.3706484076892245
4.117862758030174,3.648257995879244,203.393362572346,1.42281609762238,0.3687943799184779
6.302040715642783,2.5280050245049446,275.0490158703657,4.242989094591454,0.18420673934643395
1.4648385616406223,2.587284961644154,222.33941869889094,3.308723591282561,0.6181331303873551
1.4974988673829364,2.4461801229965885,1020.129463756762,0.9304983903367796,1.9178351396067248
2.252256864804066,1.383153926068827,371.2531584668086,11.161466683836766,1.1861985281019292
1.8987387179618773,2.513560041706367,353.3666896282221,5.943869895267081,0.9451384568329501
1.9267467592422807,3.343034909906937,185.53014405968486,2.447479106504715,0.703217310765493
1.866868554988065,1.7454604653160632,910.1674772646975,0.6550985902767087,1.9776253597423177
3.2625329268783236,2.513560041706367,132.83686444642086,3.5553294987412163,0.13660178055982156
1.688841465272791,3.530417203361524,200.81728397502238,1.179937967740886,1.0172976757168357
2.035097576975194,2.6506795130703704,413.8741879682775,0.6757205940133882,1.319423431989767
2.961214870978672,1.8574004942539781,448.42507167823004,12.803940676307592,0.09418181628123731
1.667621199574377,3.3180494683740633,828.5934920590236,3.0238782954262984,0.3256378785198769
0.9126499229696516,4.511402358339206,616.0926000092925,1.3789829516085557,1.0069035994525555
1.717992701458674,2.6191855934300565,424.5407642350317,4.164757671269164,0.7596968132126715
1.2796900336384436,3.2442119291785785,225.4390852246786,1.325353159026933,1.1183457520669666
2.5700425541455636,2.1105065386144135,1224.4607525220251,1.5076729179668338,1.4470303377159828
1.9959924847587276,3.876423387915423,132.88720120032596,4.072240917885252,0.12473267915984498
0.9569032838274061,2.4708080135042443,953.8784976682799,7.657404231608851,0.8679785420331394
2.1143861915948294,2.513560041706367,436.5800004502961,3.1244786315264625,0.7413412670338156
2.402322500756183,2.722844684830085,234.74647518888304,2.9792646438180177,0.24022129060379907
1.11278038921898,1.2861401909027317,913.0479982349736,0.6636369131117761,1.7977602320576511
1.435991436660582,3.970758045604565,258.09257001720624,1.314605663990482,0.3629214910213129
1.3611946689196683,2.7558500391368366,2331.783214925709,2.6015089523322277,0.5229292640904223
2.328777847172688,5.4596440474564405,318.8440059093475,2.4367454625358054,0.4653296962378195
1.1765315788540454,0.9058054886517384,1573.054013136415,2.050650618128734,0.2488236410521841
1.2561203427923608,2.2924576991472327,1616.9665517683038,2.646368921440674,0.6038578146961521
1.4955069561963152,3.837947455586922,1013.1440141262295,5.398822313903193,0.09959496965759422
1.193264287203748,2.1105065386144135,633.6512471262827,3.5006752506366983,0.5069649773744422
0.406999498830241,2.6296743561068863,1175.4431933298033,93.59340539409422,0.1752618502650522
0.9989230869277153,3.7833873690755975,1542.0875132020972,2.0562858966876436,0.5536538142705832
1.2731320462805256,3.1326213175205244,880.7543826861012,1.1460622264986757,1.3363744833999813
2.7292773092812728,3.060675733264951,135.61694741914002,11.35208445322073,0.2593297977266537
1.6222873969114304,3.287517088029101,770.3542643349689,6.121703038332968,0.10114880032786214
1.6867977955082543,5.227954339339577,171.96251743205195,1.807688725305284,0.9034213953719895
0.6695937024874354,5.194357993468152,515.7223008896134,1.0739856391596065,1.687904784992967
0.48433233701485623,5.034392691083927,510.03582076213587,9.349819499491117,0.16582972014451128
1.0850844087343012,2.376597773571701,322.96855255835015,84.80241084184884,0.07072731838733302
1.6760914088757146,3.2187442612657295,841.3109645636455,1.7528255974385478,0.5466284850128919
1.7113329153532453,4.068513194951604,344.6644801842969,0.8892266230406591,1.4958233290856846
3.270790237349771,1.41149491352741,714.0944264854793,3.7055811972443173,0.10787702105228324
1.3205624034837906,1.41149491352741,4039.49839660382,4.466092334903111,0.30144711157805715
1.4178922434356434,3.2605496269487535,797.9343055871027,1.2427481823480284,1.4287489516646985
1.201099969806358,3.3999177756232197,145.16605115444875,1.4919318573069535,1.241062865047501
1.8793027990072293,2.3936225929050843,423.26132415451883,1.9614222649384818,1.0479220043369937
0.9239661820326839,3.7825131766240654,191.52962753547044,11.653257740564976,0.26864593888120547
2.1568309889537423,2.4461801229965885,158.6126436156223,8.42578472275266,0.31553134582561043
1.1920946432715969,2.8063919198999643,1675.2725097346733,2.486002949631323,0.8931476969994719
2.2152720532313865,2.4461801229965885,752.4502594443611,2.1887139846371224,0.47184468887261366
3.4401172360112273,2.206526490635459,344.5560868106652,0.9238137418016398,0.7848858094579982
1.7436357253477914,3.6370960260306022,844.2911870538517,2.4817066751047685,0.34210226514329833
1.9075483221519032,4.300910843604171,813.8957717969572,1.010281217190017,1.5624951246840644
0.852855463479921,3.876423387915423,224.37273422163378,10.401284401598875,0.3691449181820552
3.262522392036643,2.1211405731826596,168.69367132472638,1.6423027203246985,0.5287435736175148
0.32470929890467426,4.068513194951604,839.1180072430531,7.068732852430677,1.542579281612495
1.3745383961967046,3.81705674581039,342.9331314274735,2.1621774982001205,1.128614699387263
2.602736710260901,0.984758742298561,414.2395462812867,2.0506660471910956,0.20959367674412996
1.3073776252392042,1.4052048289772725,747.8715397108609,3.1315673044062886,0.2776109827442782
3.7670910073697694,1.4052048289772725,1419.4065720879642,11.248662484863772,0.16588623228887564
0.72512292057317,4.915525718438324,172.36852530647013,3.3740605640840164,0.18366806284246928
1.966050187839861,3.726861899847376,242.1881995449645,0.9466751413981447,0.921484013499108
0.6327370685996461,4.514410105358583,362.68244260308643,1.7584838168011552,1.4694849667350645
1.3696042778083504,1.439575360373381,1116.611635905686,1.533522892806407,0.750774458084039
1.4589262958770068,2.6882524245408317,1858.616294071272,2.959666065761038,1.740154908566445
0.7595411738835747,3.0200760672144957,1976.898375284399,3.6848942802523337,0.7241051436502823
0.5268497657336919,0.9039733502838871,6890.602756287167,4.498453332541327,0.906484660362281
1.4866165692509554,4.076631101825898,120.98492043023859,2.46211376010435,0.6884432535257238
2.6137860014272567,1.9818623197169978,839.6474514103816,1.9249388822398112,1.1524260218281734
1.7526540623399693,4.136333908721348,532.6790453154973,1.1884694251945631,0.9362931166615959
1.7603965151917533,3.5412826130590824,594.7484517211141,0.8829319694293883,1.207604105041015
1.864337701063608,3.726861899847376,542.5600116507977,1.1394325059120147,1.0322630161450141
1.404624582316118,3.2605496269487535,1385.1449233314845,0.9973444636770583,1.752086428716769
0.5087367581552757,5.96282273092842,158.09233066694426,13.903947051200301,0.13128199355792933
1.4172627134709206,2.104024297687075,1198.3584718708673,3.27921905435939,0.6053764751332911
1.721909259034332,4.174143839016769,680.9556421091511,3.7422254093018728,0.4758526428522165
0.7913785841340688,1.3625921361561895,676.1131039220163,21.59950474298729,0.5430100941710619
1.5026877312412061,0.9825491816758877,529.3443521170551,10.522925375267118,0.23452745634687697
1.2692702259859145,3.0640092976143647,1385.9180428172817,13.326846195384546,0.5580426863581278
1.9376460312384953,3.9697907689948515,260.20177777896333,0.8763540235454798,0.9637154063842686
1.8394262526994698,4.444516734337488,235.7806048053843,0.9877340498321758,0.715220668399124
2.0951137625771414,1.8813377475861952,1263.1291109699966,1.5841371869856924,0.5862991288146264
1.6338232235143635,3.2605496269487535,120.22920717374579,1.2627814201645786,0.9017191572583245
3.0405635993956537,2.9069670004751016,114.06635785151974,1.3420938744415472,1.9457000948966943
2.7309128520241277,2.2587383455984384,721.3612704954019,1.9628105509872737,0.4664563554985734
4.548588847652015,3.316198445834905,161.8883307919639,1.6947672455479037,0.1641197187362775
1.7356712411267816,1.704217685252418,1709.5989576569236,1.499364470146176,0.6856450225955787
1.5493267932811259,2.880246457303554,457.4028855086054,7.622964971905004,1.3451022812804865
3.1252416496721196,1.949599417303673,541.0370221089588,0.7562643263377236,1.1847186265791079
2.204545200819181,2.740833956853282,218.6236550312654,0.85081993470379,1.609584359009929
2.805930687085543,4.671961696870373,158.86217155880288,0.9476789403725638,0.8192203801793229
0.8806584489406917,1.8002928056202838,857.9829838549679,7.1272920264364155,0.9393476678653744
1.3402301622653492,2.5240517586681834,702.3496394587546,1.3042698054153505,1.0995804680181487
0.8315414665958887,2.690146501302594,4013.6018952882005,11.071775911429878,0.6615514903963731
1.3998833083025746,2.5896202684356173,1421.5989425472562,15.126919473135352,0.25385392913233207
0.6399934596410644,2.5280050245049446,759.5768679358192,13.727813419304606,0.4923692274658826
1.274248838359962,2.4245218395604367,589.0019343157094,43.80988579927441,0.5960156869813543
0.536858294348866,4.334279874747363,285.49523889464285,1.3620871482461896,1.3665187940051098
1.2930835076217653,3.2010001100922834,152.73421253060332,55.70562037168309,0.13956925139759996
0.25939256378917763,4.6041889798705204,876.9684099932518,7.913632317281196,0.8643170418383022
1.9706058152826391,1.550574264465596,358.2125417905232,3.5166996137827313,0.9233316434162843
1.6617809954501697,4.086174848174051,294.57522318833577,2.2482187280014854,0.5213020761749209
1.1907074594208202,3.2665762929885966,1278.3624786532991,26.150968933454106,0.16038828090458482
2.252146600633708,2.7553810817218443,202.7014611684781,4.878450608594028,0.22887016779315736
2.260573385186044,3.044381798411347,229.949801583465,3.8393856756890345,1.226360854153921
1.486664129338855,2.870752049979335,605.700597054428,2.0049459570089785,0.5920136205637089
1.3902276401579052,2.951710974485281,367.8288305665751,3.003764423277819,1.003198175368488
1.9276342480804844,2.7914126237844115,284.7179300726675,1.2623409216728214,1.2919052457755842
0.8005137435012948,2.0253332942080906,1229.3650932474372,3.285149575523014,1.6610659106690175
1.4751985208663019,3.2669041792957674,684.0381691337411,4.8571395201579435,0.612926479707614
1.2953260859066758,3.6819190739456182,281.7130451718707,0.6032648772538141,1.8467332353577932
2.206357604658534,4.687157150186659,395.1557235601927,1.0364482673197926,1.1771688973894692
1.3866242340429298,1.7096735777859602,440.93381992821196,6.005111997151942,0.3149184372086849
0.3071256146868988,3.226886731131402,280.1896312779783,72.26093518219389,0.3706718122816764
2.0665067078920885,4.488803841802385,327.1626283415747,2.1865587636012394,0.1731538520261091
2.555014121084494,2.1898662851624886,317.13770813598313,4.282573472276501,0.23691499191717316
2.920580702715991,0.6726126461221231,270.4325585074962,1.9119427096950807,1.734556808444007
1.7630183440306095,2.0253332942080906,525.2974448871917,0.9084707431932185,1.8706255545561523
1.2490514658024878,3.5412826130590824,1430.171305722845,1.1616246083555024,1.4085652775670432
1.564713587761628,5.128197996222119,128.09823822199348,3.5543402277161524,0.060463925535682
1.1079592104318685,4.476025690621952,772.4555627542634,1.181020475012728,0.9955638433263769
1.6767835385380963,2.6882524245408317,412.8618537695065,6.300982540765886,0.22914937784425035
2.728653418375766,4.4520401548524235,105.2182621753942,2.47024490320644,0.3331677181712292
1.091744371012104,3.8541846049761292,340.86973739002167,0.9393000662674148,1.214122644106818
2.8232186575146736,3.0640092976143647,437.9987767331323,2.5935113536740495,0.6432864097333972
1.620118766537428,0.8909530698594604,949.636245767649,14.308861054105742,0.14522975845414982
1.3337382533641096,3.537605781846696,432.9416326780968,7.597804918164799,0.27974063903604846
1.3815468382805376,0.9791527989158537,1094.918309549415,1.1484898336843763,1.05563640173371
0.5738782977421137,4.999049233474664,188.16989483920128,0.8174282909810744,1.521961457347926
1.739466568431025,3.1180588390687705,707.5358936268094,1.2748851612320538,0.7433537180310187
1.920767464486639,0.5757073995770772,522.5607188962788,1.738261913392961,0.7854159249903381
1.8295413400495124,0.830542113964738,367.39517043085993,2.7290000307091464,0.5720286409445213
1.3335375289349338,2.690146501302594,542.0343394322656,1.036620361947743,1.4665970964254016
1.4523239951032325,3.4192394460558706,1138.9552013283578,2.0499324066469025,1.1317189363318019
1.5713104819885855,4.076631101825898,68.72636163528034,1.5670796995372724,0.6908681583706906
0.8317036794436967,0.984758742298561,1247.488638106382,16.48983583479271,0.14861755481877822
1.125661649569735,3.7953190052124715,615.8070702973971,6.061370267181658,0.13119400642085896
0.3869533385931456,3.105649519692593,1558.6705484066183,45.885833254066206,0.8032680023139805
0.6075941675222403,1.8851966784517769,6227.462960751994,3.4141458405846503,1.214447326654694
1.539379679078266,2.1211405731826596,2305.5739571403547,2.0914858981271824,1.3810716206307918
1.0012210786517919,2.0031863900257605,804.8568790744148,5.572827148352342,0.45029087942430324
1.029152392130956,1.6608900169924787,307.15346891485876,9.616073293491887,0.542091268652472
2.066605604369834,3.18436522576261,239.19212628983755,1.0784145791288433,0.7636042331463571
0.7750557013598824,3.8619133317182524,201.4305815334065,6.565208828887083,0.38370257453401496
1.7672252540349032,2.587284961644154,1208.9831274183534,15.733963094982595,1.3312154867648074
0.9757328899393718,1.2374220890499967,844.4280763419429,2.0877323545462207,0.7954863389569397
2.8075793432260654,2.5107110567240722,436.0968148674578,0.6624814025736414,1.3918125952633127
2.204491866035774,2.704757665328028,179.66227407169652,1.8230034726477014,0.8820701957168772
1.858450523108779,2.0364126522861254,678.2465128359053,2.1761008426605466,0.6413199079598497
0.9576529992059455,3.9393891095151092,343.25955548105856,0.9556191987242357,1.5812431440754275
1.5877209966663202,0.7685894833723542,712.5943531148031,2.7011504036303005,0.6563001100056582
2.2868592669706245,1.5602554743100283,371.1887484707282,7.824952635502398,0.2395133331302667
0.8749167621408622,2.870752049979335,1664.151934929685,7.462722193392863,0.4659455470736697
2.256535655330383,2.7388898451702777,278.197692776708,5.546376303669125,1.4528571137533335
1.3909985007850372,3.8652640865633527,414.824982694729,2.0464716721278586,0.4326042057647858
1.0684576500111849,4.123661606457687,621.5900298521436,3.900001122543643,0.48621188738731946
3.296130532246983,1.704217685252418,226.35325673465965,2.0429466709947963,0.5626358818829214
1.600166035110191,2.320474722464591,1017.2014157697381,1.7917610482250472,0.4392163576966196
2.0587071275244937,2.9532165734435623,470.1490870959069,0.8915729855220308,1.1168724695135968
1.8452643326901157,3.837947455586922,145.9935586491546,1.888063154162125,0.15054247578558738
1.9476048501046415,3.88196135729802,684.0155510649882,16.644788508113695,1.0793389874500459
1.767183494204355,2.7558500391368366,635.7823597779304,1.0771051405826246,1.3438747006598382
0.2863816299775701,3.483722122614909,674.0091393906312,21.08317391393509,0.992566228121668
0.9085147332341013,5.268619786470475,118.58013161798213,3.068522793430525,0.08080379699328538
1.5695031628689158,4.056165740302019,149.8529616444048,0.8797534094895652,0.6130537252844814
3.267858574216076,3.105649519692593,160.48561556733247,4.939493182690653,0.48499010866046127
1.3519608793477929,3.88435604914811,199.01650143898394,4.23339055219502,0.466233570035805
0.9666515555768846,0.5438606947513589,579.4104101032774,1.6399287365766688,1.1778807099032695
0.9668755697677935,2.765384096901652,675.120250922571,10.76461601645876,0.5695536070324344
4.171023374625685,1.550574264465596,239.73642774470727,0.8503414467566259,0.5612542581763637
0.914043495049601,3.116471357285,1361.5850254325483,2.082005902924872,1.4443626268969967
0.7999380027040566,0.3416720943226845,341.1773740838447,4.738695894259186,0.6305754811115319
0.7480044287948147,2.635357432471426,1230.198478756775,12.358318290522595,1.399701042349944
0.5890027527125641,4.71334208494275,274.5485930601231,0.9933047923940161,0.7658890669706125
2.0490282845419046,2.955478788416712,545.4086462700833,2.2868471402340704,0.6024282058710569
1.5292826942770787,3.2605496269487535,195.6566250021971,15.956652067324743,0.25719419878059674
3.0890311689016077,3.5073488925942398,163.7392119975799,0.6739357952221112,1.7372143725726865
2.362057221822476,1.6764287472832768,811.0091293799011,5.661614882988295,0.4275544764057098
0.5652340517243775,2.5280050245049446,4498.373918561553,24.01314070229733,0.6868293129002252
2.038008504527904,2.327575621237266,522.6826739858966,2.554181199262576,0.43210851141650153
1.5340526146014484,2.1105065386144135,851.2459755901535,4.078169836398226,1.7066865597679617
1.0358718503724096,3.8966110307846304,463.1001422596236,1.0867006365362357,1.3355956483363562
3.674717064043895,3.428720116365884,225.96796903555955,1.3642986295163007,1.78668168745281
1.8112233821452222,3.096376160840323,800.0785038764452,2.7646684564704884,0.6928103479595382
1.4777822000238707,0.24013030589510453,323.02418431387065,0.8809657512602269,0.48040399379397253
0.8647508983323062,2.4461801229965885,1658.631138663475,4.791780743666532,0.8103158810008412
2.123067861223985,3.54100229054482,153.12578042606432,2.1233636454215756,0.3135252411096151
1.4380927204111593,3.6456222593587433,300.84910208296316,1.7863966207576252,0.7973783023635009
0.6294218187226281,4.957400380172752,175.61493246763928,0.6882174290997146,1.2189105047176072
1.160914982577708,2.2587383455984384,353.96768455191824,1.5271194417313378,1.578342709225627
1.154088521455618,1.704217685252418,461.70982138639897,4.6843127475847455,0.5014851520780206
0.45321974134212906,3.4192394460558706,1038.2018883314022,42.3270045554811,0.2542916074252794
2.129276072875171,2.5293016694898243,535.9524806896866,3.44460151822029,0.30994141499988104
2.3425646358705934,3.2665762929885966,402.5077686913725,1.9112876560328635,0.6685651213170273
0.9647937670291098,4.7497357096906505,242.8350834697043,1.2631149596513378,0.5875095803256594
3.5551520616381396,3.2414977186586373,374.66713323324416,3.002544758746867,0.4404006788466282
3.2585719039386376,2.259065627579605,812.0978837914885,2.175400597808324,1.0016048169546146
1.4081483083544537,1.6771012715509566,412.8409650087624,33.631418784423275,0.32374100052892396
2.519662253141817,2.320418626497136,287.31317477365405,1.3062508161572008,1.598141313247716
1.0092033222405186,4.6058978013407765,455.7699296021083,0.7431989723696418,1.8635423101201967
2.3521982727645625,1.7093194436937478,1275.9382224789263,2.2198915153239174,0.6306089003496367
2.7440427909175074,0.5757073995770772,264.5565550670337,4.192590063311036,0.05524979953202924
1.9875087215586245,3.2665762929885966,463.90203540358993,3.575148822209718,0.34458983416788486
2.549110713321133,3.300919631394847,271.1713419511907,1.00417743851465,0.8521253774974054
0.8661971532334121,4.693543111197308,214.56133941696186,43.27215461090515,0.2597831669713864
2.2369938115234693,2.846349388256085,137.55202512662348,5.131873102696537,0.5985966926989155
2.052154692834131,2.7558500391368366,945.2978633959732,1.000822094426309,1.4902566549033613
0.4859845995228227,2.8993001677802646,1098.4335471362465,14.984622557881561,1.7656346354171994
1.3452142133763498,2.722844684830085,1241.9994714833722,1.825187339132812,1.7729817174791342
3.0627932316046653,2.259065627579605,355.11357241528157,3.141668394841794,1.2080291903645406
1.5712154700233336,2.2924576991472327,1660.743426899663,3.127901793535303,0.25423470608411824
0.3837061905611945,0.3416720943226845,2956.2232941418947,2.2274239651968233,1.5090418921379785
0.6896560104620741,4.086174848174051,1301.4741246143258,3.0863879385989272,0.44566155852220646
0.962589722915626,3.8559192228102783,325.62904697938876,1.533022354600868,1.0138756055171458
3.324858817413828,3.287517088029101,250.22061455214958,2.7748836221127977,0.12008194361304776
2.0548819153399305,1.8813377475861952,469.20727478442484,0.946345781242882,1.4109882605399993
1.5837729611304794,2.5866547986473023,743.1834138060328,4.413501683295406,0.7301950381660167
1.0015318594029519,0.830542113964738,702.4292736714939,14.432444094141601,0.07510439815184848
1.3871285635437482,1.3262498212118656,662.3071503992767,0.997463375115075,1.1127524672031872
0.18902528308976208,5.942463286930018,186.19618820355313,3.0312089364193975,0.29184720030523104
0.8148817178074834,5.077374018157681,129.79454657355893,2.4994934091278616,0.11307102428356627
1.2552254638545062,2.642565530592786,556.7788598374966,9.544618698462692,0.2857598769186229
2.8556687034339316,2.1211405731826596,1567.382320405512,2.395991350293561,0.5611348956172211
0.747074405289945,3.4736364844347873,302.3210795359696,1.9292941464918225,1.3155630502619908
1.4730968355790832,0.5438606947513589,1404.195136898424,1.224536067644399,1.9395569757755577
1.455593324933386,3.8437841192786926,168.8912021730706,1.17239494474821,1.8702435382501608
0.739983506299098,3.9506556178418806,628.815184492903,2.0952103622092877,0.9636348745300064
1.0695288978851725,3.316198445834905,638.2417895797894,4.89204614631296,0.5580840360175066
1.6710318370676784,1.550574264465596,1301.9326439577073,4.849477132469564,0.29113875326037997
1.7590120088438295,3.4717504554368586,351.4455600222642,0.9492597809652321,0.7018561767703065
2.4677535177877754,1.8002928056202838,370.7774152525458,1.8385139502198442,0.43019856506631543
1.705011906560304,1.1548937841047735,489.1011520995771,1.2865055275758974,0.5210432785770169
1.4247092956349832,1.439575360373381,934.5678202542263,1.520541150247056,0.9277245282512158
3.1195965047477934,1.7096735777859602,142.35424271830638,209.25884999832905,0.15613385927084442
2.4279256178339392,2.104024297687075,339.06435019483087,1.725771098979679,1.5373323509045942
2.089854660568265,2.722844684830085,347.05220124529217,1.5574228566441928,0.7170673561537676
0.6760876023607589,1.2861401909027317,949.4952000623122,3.9313112765268508,1.0894848881228443
1.3837628416943422,3.4717504554368586,262.15699762617095,1.895665901721838,0.6562465351612334
1.1833745206414745,1.5557612804874101,1519.638250896739,1.201234247774007,1.5034674503282477
1.1343052478715627,2.9435534929906533,158.6712333483975,1.9414994730296935,0.9956961329894964
1.9246209587866705,2.5390020196040033,813.1799986036519,1.1580552891573894,1.1597272142293376
2.7497868500532983,2.733206157549362,243.5423048338838,0.8435301557633396,1.1980688277989218
1.7274183427478231,4.028300981723373,492.15765693664923,1.2000863197578644,0.6067117137060392
1.0696410392599773,0.9825491816758877,2071.378548587413,37.78246993127921,0.12002915349381106
0.5791236538246589,1.3262498212118656,1037.5391811971288,3.5955972624701826,1.2423079539629565
3.2037000212695528,4.041637233490435,316.6493673697951,0.7919562048316247,0.9982044861776905
2.281437064747171,1.8813377475861952,364.6132643901211,5.62270742429286,0.8304896898388099
1.8859990250210235,3.632765467907363,576.6391443207041,1.8723716657702523,0.4835385649797838
2.1336568647527723,3.117283767577956,531.570973181915,5.624773241284525,0.11686813562372524
5.015215347367628,2.8133407048724717,710.2139322911704,1.2647220392233534,1.8272916670307529
1.283070024993842,3.54100229054482,858.4675787536177,2.762932935949858,0.8075492158311026
0.5466206137820631,1.5431303448318727,524.8543480238235,8.224198511600376,1.2586266519019997
2.4679309423103795,3.8620787576058935,449.6128401611868,10.972185979245554,0.09572195931779069
0.39207855847697104,1.3471729739879765,3124.094228632549,9.020485466295865,1.3547247528424604
1.130583623540982,3.837947455586922,438.71309933351347,1.4057303944425403,1.3641455878860826
2.6011936602531454,4.374416593455581,730.2501963503314,5.988550446285121,0.06476761759898178
1.0323292251334237,3.2665762929885966,945.9073575647292,2.427695710390023,0.998577365429353
1.4443182048563776,2.9910868287772305,598.1379762620847,4.284513609114906,0.28555431264840986
1.6855151056389106,1.8851966784517769,231.57901634366803,2.9321542202525097,0.4496744835855404
1.4387227023240086,3.537790564511897,778.7468853282277,4.52407213673921,0.42199532351017194
0.8664236172912076,0.9058054886517384,1614.6392938399035,10.228870827534221,0.5040746196525323
1.1647309648755888,3.8715229982568604,330.86728796686407,10.443458769367835,0.11461422828408041
2.1870501779583007,3.0200760672144957,579.1830726839561,0.8388030880400714,1.9300582456068864
1.44995415108203,0.341821880884328,1012.767099095007,4.135547819724739,0.19735023625733342
2.7953802675721198,3.2010001100922834,250.12991483553586,1.9093510078499603,1.3039702032596823
1.8823507596710218,2.014167343456428,261.93922956221974,1.0950904553967766,1.3313436657912447
2.158499878330974,2.1653465770114817,508.07003171870076,2.2806687012984592,0.6551046288584572
1.300937084094902,1.550574264465596,1134.980627228793,3.053608843481315,0.6086924726534746
1.1794544220765122,2.689322910867587,757.1238025883482,1.158532943767646,1.317313256770315
1.0725521873499444,4.97740492756298,146.82491069857252,3.842517703243018,0.16462062182310636
3.458280185914319,2.894701900329828,112.75715123657923,1.4389875537692711,0.3090354209208986
0.7364522045213684,3.8966110307846304,1312.7410771948666,8.125665838065798,1.952988504828098
2.5192562263283897,0.8909530698594604,311.41475993040984,1.8748856772444826,0.6359386338595865
1.1661229861180473,4.505740783547538,148.83079957179964,2.0902054924217834,0.16274137646033612
2.670708318085067,4.846400692095472,54.61994435594456,2.8871039711037025,0.06445069654808079
1.4208804981726164,3.5315373733426396,296.0920344324207,6.819148269594511,0.15163734053994127
0.5317687709297938,3.2057573570699867,711.9858676285342,20.93805489067356,1.253056842305587
1.644936312706088,2.320474722464591,753.1501411017334,16.615574492344837,0.2700959737891
0.5822584640210255,4.086174848174051,1368.1721809079556,3.222862948523766,0.266728994623741
0.9355421183826871,3.226886731131402,266.48679211681196,6.440933930722499,0.42748339984848505
2.2218034450772386,3.0196207678880604,151.00903414572213,1.3410569906594816,0.8006402777677
1.7941561710198703,2.7558500391368366,116.70088472905884,2.9019971768147457,0.37568229526071567
0.8286397703659831,3.9506556178418806,784.4303010697221,2.7456508461475986,1.318610152542835
1.0221417224888607,2.339235223134949,3244.8205499059036,5.970287459466356,0.4861910220978029
2.208546764362595,1.5083350739482775,298.68836251752583,3.07843154206421,0.9697614116973441
1.594059191244658,2.955478788416712,823.9720864996754,1.4244240814049574,0.6982384239838795
1.8159107171992206,1.7454604653160632,320.79736562475654,2.0514585836839583,1.4325213709664857
0.5442243869182759,1.949599417303673,649.9064097066175,5.7403819119216415,1.1993533886266439
0.6367821980232766,4.503021335575696,557.9090188481454,7.921624443995794,0.7470952461293524
2.3358483586947076,0.9058054886517384,377.57007188264606,0.9151365280622116,0.6866711133152263
1.3705677570814103,2.161905500487799,2230.5779182631345,2.2650010744139375,1.0599591267451078
0.6117451454679106,0.984758742298561,2771.5398155415814,2.9920146247470343,0.7992232918257106
2.218567704339233,2.259065627579605,1220.7632270884046,4.773972827785422,0.3870792754326343
1.340121911028863,3.2665762929885966,1158.8489141575371,1.9121002740005983,0.9671803362929839
0.5061712670308784,2.690146501302594,1019.1211223170347,39.09490099303643,0.20393595085511715
1.7114015792008082,1.835356521255129,292.10319262733356,2.0774982877669594,0.6934238168770612
1.527444151651451,2.6506795130703704,910.8973355448087,1.0936953471007105,0.8658445745792863
1.654279709820417,3.581991118532397,302.40088475955264,3.2626042317563764,0.5759457305696162
0.5029710454200396,2.2924576991472327,2271.775269115808,27.17937417629231,0.28688806895832497
0.9754687053180593,4.247637566680309,99.15693255911249,77.64307361242103,0.2401323287571145
1.0115858084553357,3.8437841192786926,810.1234548056209,7.487422046811221,0.2102072460589785
0.31800355919541823,5.329877715682579,530.2868937592472,0.9468380832168689,1.7851749246604776
1.6071229300413163,1.9818623197169978,1276.9315694521806,2.163022036635253,0.7883617559275902
0.9003073177385781,1.6608900169924787,455.73121460703305,17.543793170762854,0.8014667061050078
0.8667939425384164,2.7914126237844115,323.8041181352485,4.165986683956455,0.9608653713491746
1.6599870005298758,2.6296743561068863,428.0104102765982,2.7369963401536164,0.961336255799644
4.793157095868532,3.111086864438166,102.40805248593222,0.44527565164495403,1.9645689574374745
1.6690881281088457,4.157483618236277,175.29097879039335,1.9601968324754369,0.34357226347601016
1.103245521073986,1.3262498212118656,1322.91531530376,2.446403869273866,0.7442328561907048
0.9995908545485483,0.7191680018262336,1483.2820200629326,3.053041906492147,0.35019595369931633
1.4024334643839937,0.8909530698594604,768.7579193157195,0.8369377414597635,0.9309047248460534
2.1065318204013206,2.249097272041872,1398.558962059097,4.807837256375871,1.4022904691582019
1.6934304233735276,4.525874890489207,231.65319645108863,1.3490136902390324,1.1408510535210987
1.2261241917693684,0.5757073995770772,1073.344035124542,13.801985551882373,0.24508646617493743
3.6445248249020903,3.376951241211623,129.71604524166287,1.6955688653246204,1.1151235892358273
1.8363289775327063,2.206526490635459,801.6422824363096,2.145584517987382,0.8142481691818202
2.447853205356198,3.3999177756232197,141.61992027281283,1.1439872165641585,0.8154063239622277
1.566994968609281,1.7096735777859602,295.7967434817674,12.067892454794867,0.11612174800628841
2.9824008437532106,1.3262498212118656,1052.9833675326174,2.253183308106435,0.36680186413089194
0.919817174115924,3.537605781846696,2724.887795399144,6.930992253586275,0.6943283224874117
2.345119692877431,0.372419620471391,413.88266603652295,1.1750378465451787,1.0225471779929818
0.7272177668153894,0.341821880884328,647.3469891388777,5.1429517706426084,0.6888963213402866
0.6686662791259566,4.54508974402211,857.8700106795086,9.396728152577522,0.2906342858502864
4.397664653585737,1.5431303448318727,221.40969505262382,8.086268937909582,0.06199798877512341
0.5232455145014154,4.258107737823889,627.241539872857,2.317260985614701,0.5203752525910535
1.6655732793457796,2.683926922680051,484.95302257119386,1.3180917016828853,1.0647954244979663
0.9009615172654821,2.490494817423387,728.7035598841088,11.062359371022405,1.0943020712252958
2.6508941337090026,2.5390020196040033,539.9128627116141,4.346162651492721,0.1742917754487468
1.0903068004793912,4.677995921373369,176.71603405896346,4.118908944199195,0.9414830665412516
1.261960826420374,2.587284961644154,479.757215782885,5.937139836201363,1.24996176555803
1.1128225956410853,1.1976208588189203,447.02325240809535,13.40640520836682,0.3616879980723856
1.2248033015257898,2.6296743561068863,484.8534931679896,1.7998723165708141,1.65371539030554
2.8908636082890466,2.104024297687075,228.80648967474687,2.188294868087212,0.9136303693166747
2.3490885196402176,2.5866547986473023,114.39873387371755,0.7129928164971092,1.318632523548693
1.4736843891051965,1.1976208588189203,851.0944487205065,0.968155795198749,1.0883335361865898
1.2582432602773612,2.104024297687075,1345.2959156846166,5.774279284702804,0.7417747877319236
1.440132587475599,3.837947455586922,141.5070312796675,1.4771202521588267,0.7014237404067627
0.4775055523448053,4.300910843604171,1090.2255600675724,2.5333443569550087,1.1557977637498675
1.6911693457085777,2.263425135775666,251.80245564814126,4.204196930931439,0.6931566976034211
0.9793514530750258,3.8620787576058935,728.7890846145515,3.768199554745004,0.278695719057697
1.0458687738138357,3.8652640865633527,1050.4347687932147,1.4407612604959399,0.8905145510487339
1.2669009081486884,3.096376160840323,482.41858066111087,5.641685103788828,0.6147549893868041
1.3230543241984911,3.4736364844347873,412.1659328599539,10.460860650995274,0.19064783877998012
1.113070407928988,3.581991118532397,986.5353919824013,1.9461551184120613,0.6444982127569219
1.859400861188294,2.7360823198465414,660.2964847304612,1.8280879096499154,1.040179462810358
1.070853460669059,2.339235223134949,663.0697980178082,22.555559634326983,0.2614624057892954
1.493956947630871,2.9532165734435623,1628.3477623886313,7.281083235707979,1.575904438914655
1.3633976962191028,2.263425135775666,1619.8660707378779,4.316042233765535,1.2427001276810956
3.0847258294434425,2.689322910867587,348.869662020678,2.6649921632079576,0.16360591000047056
2.5088575258043107,3.4089453439809367,471.3139276038427,4.706955127735478,0.2045951304298199
2.4343983126907975,0.984758742298561,313.80508297839043,0.607985768347814,1.197979000344472
1.4799894326826566,2.6489152073667817,519.9196058336878,2.0621857680849676,0.8070404376090069
2.0829562533424135,3.5412826130590824,952.4867261132019,3.2276184923764917,0.41779803315178915
1.7181565911662364,2.690146501302594,634.7667508530071,0.8875635496123391,0.9958507114048751
1.6290265609748973,2.7388898451702777,129.35972664807875,5.016597887049764,0.683800832059999
3.195874834468378,3.4089453439809367,334.2540368580147,1.936808638090905,1.8990417018830648
1.4904996000979915,2.0253332942080906,203.44646056811493,3.0631329241594094,0.5871677247996228
2.2368934571506722,2.4245218395604367,765.9819220345184,57.78144079565864,0.02944487942900364
1.152753917355223,3.105649519692593,2835.354954279289,2.5516733345086666,0.5889756987693483
1.012819408787887,1.5594014901664985,909.2112368705069,2.918352739235089,1.0490013086198113
1.3595895036517796,2.034302144116187,822.5849758921447,1.1947450678217426,1.0410180124229425
1.3758182933679093,0.9825491816758877,990.1456633854135,1.3919151852298455,1.8335404335652108
2.507229865912192,2.1671120431616058,622.3428876804907,2.309209280823557,0.3044028241546319
0.43596195095108947,4.488803841802385,3283.197478586849,3.8738186027097776,0.9069479382425367
1.8118166747275541,4.056165740302019,148.46798621078446,1.1372873931613179,0.5565650179185002
2.208377615705625,2.722844684830085,228.4949586756034,9.970869984846914,0.17879766556847493
1.9002033278029877,2.985889077821246,336.98660929600135,17.72992816805934,0.048960861714118696
1.0527229701946914,1.0075408022241652,2131.377797285491,2.389960095701299,0.534599688162347
2.30009147670518,0.9058054886517384,512.502578767231,1.3177858910720703,0.3164921639795139
1.1839105614471315,2.513560041706367,2352.4903584387052,10.904697262505328,0.7852228628887692
1.3779546842236527,3.756248471599297,363.6189696252701,6.203359291867945,0.11506128425816442
1.163269761497146,1.941848696201477,3238.0460487609794,1.3391222959824671,1.4490383404114133
2.015139070584113,3.54100229054482,299.7797955382223,5.894854252287712,1.2480583964115002
2.581687104079886,2.2924576991472327,2098.914645103908,2.3838515458776115,0.4364493264679938
3.2877740992234656,2.263425135775666,62.39992840999115,0.5191403214914884,1.8393029687043994
0.8243373383797246,2.5866547986473023,1252.0278491095414,64.52951081019076,0.1274609400856166
1.7228512011655464,1.835356521255129,812.9178665784763,5.866310950743048,1.059809233964122
1.2957567221633646,3.316198445834905,375.9081093430026,1.1674452379855087,1.4055097646197157
1.7954174590851952,1.1976208588189203,376.518117552908,0.6312728743982143,1.3538643051946384
2.2326651425253714,2.888901635836927,278.5416295854369,6.24948242768964,0.8201403862607576
1.799353801560823,2.792217832421018,278.3725369267572,15.689189735175633,0.09097722417081873
1.6859871102467774,1.6764287472832768,1702.1153744620722,1.023513630071137,1.95775199868239
0.6964154022174025,2.733206157549362,357.890808575655,4.483529690090242,1.5426423333726915
1.5400983095816767,2.263425135775666,2195.8512935839685,5.033632396461363,0.2830221220177858
1.9747380206729614,2.014167343456428,1186.298167389811,10.385486396556828,0.7030174287353081
0.8546444319453466,4.521854715150206,228.55755766533227,0.9725568782693509,0.711297911737607
0.7134598406897417,5.381193583114443,252.51885914236294,2.7274904241939057,0.3273963610136557
1.8867678483089874,2.017213149041173,507.1354941869104,1.5139029386659053,0.7890033451085975
0.8628998965528725,1.4132126570846608,4068.5422025743724,2.0686245451295955,0.6839046265743833
2.976956741590437,1.2559961043348316,458.4426234754304,3.704000419538788,0.17658182899286864
2.1382806418481177,3.3999177756232197,645.2028350054933,30.510777410575127,0.23921343437521164
0.8240701897868927,2.6506795130703704,528.481638563188,4.218870500921158,0.862187055562906
0.36936200752973747,3.8515477815622936,771.765020584508,2.1965335702485342,1.9866815423930269
1.1318194627317038,4.056165740302019,198.398306379675,0.9706167726464237,1.5347887426021727
0.8946420633856531,1.2009866731743055,1622.8160024564036,2.9479506881223156,0.5392691229892043
1.8344875097652915,3.0200760672144957,384.6699389001169,0.880943932391956,0.7573740140546867
1.445173909099819,4.318044456520049,331.1444410800763,2.3577614087678604,0.7844381702099598
1.463500086587338,4.041637233490435,97.8170692318867,3.1145572404272754,0.09091765493383745
1.7091280442109862,2.017213149041173,96.60367829112889,50.32582807939931,0.1669730940529469
1.8719924377766626,3.343034909906937,336.1712474148658,1.653397792954683,0.4851113303319844
9.07121923922703,1.550574264465596,88.47777118973113,0.8538648642151906,0.6512068123871755
2.4799388663577524,1.4275351773955018,132.25912170299603,4.784909053848001,0.7344188501686724
1.6258534006451595,3.632765467907363,480.5553683406018,12.868889073933689,0.03496828927511121
1.0897463146637492,4.212071844455099,234.08523453844086,1.4451021435839106,1.4529527100273065
4.3310104386135695,2.320418626497136,284.7930167635178,2.0325525668710225,0.25365151350852133
1.143359092078391,3.4452580165055724,239.02250668027875,4.908515997399478,0.30786862459381126
1.0275173279653265,2.765384096901652,638.7139419800144,3.9162451218152503,1.2443337933864962
3.1433949302542317,1.2559961043348316,193.31771803594256,3.5918121741177,0.4110598511448135
1.735572293629498,3.9238944607010637,1563.0784493685126,1.8938834938332418,1.7312389862933615
1.3795959168776766,1.2861401909027317,1459.9028425407976,1.8654478371818044,0.544752555176141
0.5804154500961536,4.028300981723373,511.043911154565,1.1830460252684272,1.2303495883014282
1.475141905142685,2.7360823198465414,214.28780797046062,4.2171693876714915,0.7238322680373166
0.5419586754727299,2.4149849975013034,1075.684901235401,6.251821733479145,1.8070723326594582
2.7503900367362615,2.4149849975013034,180.52574012028654,1.0145702610557674,1.3148882973168736
0.8784115178218745,1.1548937841047735,1024.9657644035617,11.20112201322059,0.3359129186608801
2.476420281630894,3.044665250132284,1041.065367516023,3.188395214050288,0.525451401595741
2.3070984840836135,2.5293016694898243,353.8533211591439,3.284683239677413,0.5004395796539447
0.26647168596684523,4.034315788385122,891.3667430131958,13.908349437389177,0.8389224598312414
0.7743262599503082,0.984758742298561,819.3361036169138,1.6382322501746704,1.141923186985246
0.7446048027844074,2.9910868287772305,260.9599259284044,15.749992109251002,0.40722235599745826
1.6518433355233109,3.2187442612657295,131.74665884573668,4.668391149531355,0.27318940453124185
1.5998427832921043,3.8246500590328725,117.14540133898656,13.39489861911517,0.07802619866388565
1.3871719407324559,4.11852874612125,433.3088038428388,1.975757159460172,0.23731736061824948
0.5953361965421169,4.960080228714601,226.6457321698797,4.984056096517415,0.14821646984841522
1.702316677879629,2.339235223134949,276.2639536439028,1.9267942300846241,1.6242673537493595
0.9033501097163212,3.349264722528072,313.17307444379935,15.36680548962909,0.1957951761021402
2.010287833467001,0.9039733502838871,467.5358168686441,7.599339912121284,0.8599978486093902
3.002907853152889,2.689322910867587,124.04487599945183,0.8584760822629116,0.6995839015192018
4.016150350725039,3.876423387915423,212.54773343610043,2.2238862957536414,0.17899408022882493
0.8952251631090271,3.6688371684794316,2526.57098803053,1.7727733864514037,1.557280450661607
1.8370810158606794,2.765384096901652,688.040251760527,1.804182725718553,1.5180432142733793
3.467132543536257,1.958484072209951,324.42633383911686,1.3782539636552418,1.6469220595382144
1.5254107205804743,2.0031863900257605,276.98452961007536,5.432873547701752,0.3795291412141564
2.2114108203333998,1.0075408022241652,789.7017094212958,1.9523546280701733,0.4577348872754236
2.1658624218280527,2.525956773724529,1279.2819500385024,1.405750210855589,0.6474466643993398
1.5054552145133604,2.376597773571701,1547.1059782325021,6.4059697139367175,0.3860703458735402
1.9675115616971706,1.1548937841047735,252.81770499732525,5.029068252310652,0.8746226757866862
0.682737810246367,3.9687281411774222,785.4785720815313,8.639178056347372,0.2204716329710829
0.41933906115999764,2.704757665328028,622.52604749576,33.08853829718129,0.44778288436789604
2.761529002077847,0.9058054886517384,572.4797507768312,3.845179993736805,0.42118968286650155
1.2467959083694717,2.985889077821246,157.25395750135414,9.133109666470117,1.1640537645667337
0.8777008492344858,4.092987018267339,391.29142259510655,1.2632482660276636,0.6357839899490924
0.8718122181609742,1.941848696201477,471.5856560237162,2.156835987309762,1.6400213420017158
2.025775970257495,0.3416720943226845,425.00418402716997,2.3159663341022534,0.16061534421974807
0.4406037505916274,5.675892917795885,460.1969967142803,3.3503100164652446,0.13787614819480248
0.2882305180784679,0.6726126461221231,1591.5021452941944,294.6354043753996,0.2481389217250939
1.1784008423709555,4.769119188178255,280.53885514016173,1.008360122346109,1.6038238818995605
0.6665628885888935,2.985889077821246,2747.3654974532333,9.152291014202994,0.4645680386650618
1.059894896382568,1.949599417303673,1687.3458161846586,2.92814150135199,1.4719537480075406
1.5647952937354663,3.7299547897207277,771.2338285412094,3.191505675512116,0.2360715026991415
1.3370295194990827,3.1756560442786363,3436.504767058857,4.973154600941501,0.316024647076367
2.537167760094454,2.327575621237266,337.08777006301534,243.90658420101573,1.8622378007115103
1.6304564574278544,2.104024297687075,1561.303087015179,1.3522790178469337,0.8407170582733456
1.0702778129879014,3.950825329360683,267.00208666499464,1.2574369087178725,1.0542770413641456
2.203672688196876,1.7535066819294167,394.0690614950278,1.9737586090796158,0.6622185684537455
0.6237664221199872,4.7457409307013805,76.22325012138391,1.4130427429333412,0.9539781081934673
0.9688095756419084,2.1825433294919203,1254.8855690037617,11.172839532487648,0.37431635281382064
1.9279257842867294,2.7029326861255796,296.89222831742785,1.0901472306857019,0.9659943756371011
0.8706678707204034,2.4767350171147453,605.2168922857559,93.29110562977216,0.08252261159247493
1.9359412820627013,2.524299280007977,3402.9555178226474,2.898487737302259,1.1473887923299682
0.7044519852720188,3.751130316608104,1261.3372278292547,1.4911024066298861,1.0305532203408043
2.1662268256435278,2.8133407048724717,228.14213968873543,2.363459488398495,0.47879700271022724
0.7948686295032377,4.867754610398943,110.36826629898094,3.5470329779427434,0.4507211091763863
1.2730246889834538,2.5358448910080305,112.6936402845341,12.276921765218832,0.8590196564885555
1.4778165307043443,3.2193439985145935,1143.6435714584768,12.641025863112354,0.34705511505620135
0.6017353117232687,3.003981667892782,2527.0063242801525,8.160282910808393,1.938837790984189
0.718646494016375,0.7185213114412863,2198.889432277184,1.0649837486588885,1.355729648438358
1.0213528766917586,3.5472790124205207,671.9899419318455,4.289783135024074,0.49726489626674086
1.8237502254074287,2.7558500391368366,394.4906887647568,2.4025354723682986,0.8299623268974337
1.6778884250214463,1.2213086394645853,957.2440343760153,2.4694268376459485,0.41837264253292916
2.817599114349032,3.316198445834905,167.54597431725506,3.2748755734152057,0.14383845171342988
1.6624848638995937,2.683926922680051,250.33671867975076,21.077831931399196,0.21435862228991087
1.890979389680287,1.2406796808498293,522.0175505553493,2.0977486094653104,0.29368056187444713
0.48914239076056987,4.960080228714601,208.55086070616636,0.6998151986401419,1.1864761793906258
0.8538246467125661,3.2193439985145935,1322.8577343332508,4.920317486771698,0.40062904490194623
1.4693118944742611,2.955478788416712,274.594540998298,2.260132078909253,0.9958694421823759
0.9679308162105136,2.845832013730871,468.15022020121853,9.85871453398734,0.795507591590813
0.9696862310709444,1.383153926068827,205.1362535413148,10.3075758798274,0.39116786883834725
1.145474069534444,3.044665250132284,513.3660610451288,5.122915211107795,0.3007270498911634
2.6408986384293383,2.104024297687075,677.0933762167733,2.254086005203532,0.49158599764046235
1.0025466744962253,2.0031863900257605,1043.2611994918482,8.289646594424626,0.6082119217832309
2.1242156134215193,4.879614087140111,177.66842791324987,0.9223695189011902,0.6483289636958219
1.6625328315720127,2.8063919198999643,4181.601571645718,2.5885254457557165,1.061808079753595
0.409882772473372,1.4841917765280672,862.4291951296815,5.941827746992684,1.756985064834795
2.1735497780718536,3.8437841192786926,381.70451532494076,0.9063601007985232,1.0989417527852152
1.6245869224653795,2.6806685670137798,487.4640240727654,0.971560983506219,1.6632301828642035
1.4189600061365617,2.5240517586681834,911.6506297498548,4.04711165609587,0.563521888260957
3.485798932432022,3.9393891095151092,191.12364990810252,1.6764996472930016,0.5219597569494371
4.221184269677153,1.8574004942539781,86.8626952817085,1.1458958850038465,0.29470216923631215
2.693723119164747,3.751130316608104,61.327116421067046,1.0615625729489082,0.36298105811572684
0.4229943753162948,3.632765467907363,1028.9030235649168,22.57665190838082,0.27650684210922405
2.188328886946653,1.2406796808498293,258.6200203454136,4.674859572948568,0.3677140560342466
1.6927224855763732,3.1126336638115353,421.8285670811406,1.1092843195692217,0.9997542728580519
2.3380044984699992,2.0332249025584743,1351.3157805015799,1.1608331217301768,1.4500919312454057
1.423821016647218,1.2374220890499967,2090.160238450323,12.47142259711359,0.9816948620294328
2.1309599490821,4.076631101825898,495.4609269174908,1.5484062036655233,0.35364032468834605
1.7433838007453972,2.8993001677802646,390.09406189549054,3.3247552237679407,0.3638013853895996
1.948526550861486,2.161905500487799,861.6219894008376,0.9680007835127281,0.9574795693980505
0.8888303554987622,4.691334212693644,356.5368040080555,2.1950750186461274,0.39259169556344337
0.7941960396997598,4.355095795820337,84.74612066214604,1.0293708911923256,1.6674206593069925
1.0093416922086895,1.383153926068827,636.5140210720889,18.24891843426072,0.08559060459856958
2.6933729985534622,2.7029326861255796,554.247144359911,1.1206541650437694,0.8515226489882983
1.5572463600674347,0.8909530698594604,615.2242327261534,2.1814050478727993,0.3134824875563558
1.255466872010861,1.7352417359131094,984.6588056271477,1.3794626190171817,1.0458428324057907
1.5129674050066724,1.2374220890499967,407.0394655413066,2.884642956462834,0.2797264086477981
2.0154732419307013,2.955478788416712,407.82761458950904,0.9092918033439601,1.3068089698563645
1.370078912936675,1.41149491352741,625.6045501206937,1.6053338328338325,0.7387726223144757
3.4194800416759197,3.2051876070431424,313.4199152810781,1.7654153309772378,0.3370683120577706
0.810119089153253,5.861347768444083,252.26286965690295,2.267505178944969,0.2379628964263485
1.4283020591727729,3.0200760672144957,165.67390645974083,39.85486669149983,0.02807633069978385
0.6749283120942744,0.8133139504560022,9291.691826597245,3.7239223080183788,0.39327655949118584
0.9962587105286846,3.6361752974861417,244.63339349457164,5.1522402922857395,0.5304372777418576
2.063609792284483,2.765384096901652,344.51746387127565,1.0905807378670058,1.3791392272448755
1.6831209085285694,3.72795857610792,656.2328516911483,2.2439392166453453,0.36621087639068345
1.8341205927569852,1.041140621630309,420.333181243451,0.9499051485631039,0.5762004841744566
1.0019128104938844,3.8465226066384606,713.7887284566165,1.1727862178350377,1.1970129831043217
1.4951729345309195,0.872080726944355,320.13340660736077,1.0668655508653624,1.3368678763627753
0.6877134355631793,3.751130316608104,1227.6705148765946,3.0992973382148112,1.361216875869704
1.4641957527773846,1.835356521255129,528.561004061832,4.897243454572745,0.4742359586175179
3.333903464516988,2.320474722464591,927.8754705951231,0.8132084523670681,1.4250907508375206
0.9344604483298977,3.530417203361524,490.98402242888415,1.8703012423083802,0.7611082830951815
1.3536176709675871,3.8437841192786926,319.60379433419416,5.784643678389688,0.3430489939264791
2.7311847650217804,1.5557612804874101,383.1076392273319,0.7795426564936607,1.016679053493372
0.8484121773584719,4.7138306713307125,110.83262818270337,0.6892091892407104,0.8656130952831402
0.7859399317792333,4.702963529482449,220.4876210072266,1.931945721673385,0.7557752208885523
1.1441950551671676,3.2414977186586373,695.939599363611,0.974693958397854,1.7781806462803302
1.30317324168873,3.560990228873548,117.64237158460703,13.293207019959558,0.15155409746720117
0.509833711355896,1.835356521255129,881.0496287043255,41.241835916585124,0.2577307214193241
1.5517503293153534,5.1041780538315304,325.9051232758016,2.450895877489818,0.36025888906371817
1.2454960670752229,2.690146501302594,850.8049828477281,6.278577604280346,1.5751912198846678
1.2242622693660627,1.5602554743100283,488.0945195627258,1.0371123133099018,1.650215671627313
1.0568449734458696,2.792217832421018,1284.4129470677838,11.140014083131668,0.3293875691247687
1.9631280075080086,2.704757665328028,341.6837704257527,0.6600967821066576,1.2620099023834705
1.6856849302343946,2.8525091827701226,617.3150121689445,6.076264449109476,0.22012323978088838
2.0633939469307534,2.6806685670137798,777.2843152131081,2.32944403347856,0.5316082508809901
2.264010034225822,3.343034909906937,149.63505224319016,1.4057863999206994,0.6959068422252775
2.9866989100451153,1.5431303448318727,278.3237137546198,0.8633806464975297,0.7656665031308775
1.6439289415512226,4.488803841802385,180.9102428243893,1.900217097669499,0.3306190633815451
1.5535110648136312,1.240298786933134,175.5256137165318,1.2011550164429887,1.6301573082430003
1.7810843268615724,2.7382806326200986,1007.7953256227003,1.133032112791974,1.6954594398727463
1.3024049931111188,0.8909530698594604,758.347239537976,1.4676510447080897,0.5329424484334968
0.732804062416843,3.2669041792957674,277.3135068330051,3.3969555896681563,1.0089791136787973
0.45195927397366575,4.185894317050717,1009.2655127441778,5.8050623794930685,0.564904973731408
1.324527547739676,2.7388898451702777,1370.5550757761173,2.369745324686464,0.3275706398218281
3.1444683672872786,2.1211405731826596,135.45199552604396,2.606099481486775,0.7421785369539888
0.8846788841663935,0.2988312624168325,260.2203275226653,5.088940608118871,1.3958977451784724
2.4639460090862144,0.9825491816758877,477.4419251296205,0.938061253522248,1.6816575979054222
2.9613067591650877,2.8525091827701226,852.7404101692094,4.8234052096346645,0.07963660420264343
1.0875350291503167,4.174143839016769,625.717615510891,1.2459087737577572,0.9161135015505895
4.391689971942247,1.240298786933134,262.3795761039834,0.6684889934582708,0.8314753734480704
0.9816711840647714,4.569923963366587,358.6447395661399,1.337349825936155,0.9137198892436446
1.4050291006677265,2.6296743561068863,535.0948242157356,3.216387626062219,0.47721433279013975
1.9980677698929874,2.7388898451702777,304.88374594939603,3.1694951242189933,0.40586628612843684
1.6033640667019595,2.1653465770114817,505.525359220121,4.96046886967614,0.5172877564488687
1.086090769893,3.787593460813887,562.1305111476772,1.615350445859093,0.3935780303336055
1.0428056631738318,4.006041216348894,416.562269220806,1.3312944400663131,1.2448583206118544
0.904521890497838,3.726861899847376,500.14800359136933,1.164436621393622,1.2107964873709134
1.659555842523626,1.6771012715509566,1173.8843845452925,2.7803099351584954,0.3243121772880592
1.986084194603154,1.383153926068827,763.7931341346193,0.7008864948493712,1.4481924115330431
0.615033357485514,4.957400380172752,583.1068594487587,4.6344709826852695,0.21948283688830805
1.9242996163987431,2.6506795130703704,244.94861936801885,3.6918312871532644,0.3743549932817332
1.9751680932771971,1.240298786933134,254.19674859748736,0.8992799571241312,0.8699589851154594
0.9417614491332345,2.7360823198465414,1065.4880218454246,15.826635736311191,1.4927934739272184
3.397561007360899,3.751130316608104,328.08502806355443,1.4707408483190576,0.2981072675345894
0.4977465333406026,4.207690018928037,3303.9980372565506,3.4639374431391636,0.8024807393821959
1.102694587884887,3.4192394460558706,206.87727586243437,1.9307096913128283,0.9544893298122905
2.13982843346386,5.26928754495362,161.6807489572029,1.338562923630194,0.3397874646623284
0.9524161690797786,3.8652640865633527,696.4465109069558,1.320045272634255,1.7209145975630544
1.7783618450232814,1.704217685252418,325.00447302917473,13.385008471887442,0.3229761295433494
0.8338790998110217,3.428720116365884,1209.7951326212426,3.147776658856038,0.43412538455947314
2.2272810016353226,3.6624067287506943,289.3453763028342,1.002269918968991,0.6084088908997038
1.1569007224191155,3.9506556178418806,631.1103249156176,1.4600786619504331,1.1554930901294909
1.6481019511443802,0.8038131982860467,440.7506862509026,0.8596104847505363,0.7522336732468313
3.412949855973393,2.2587383455984384,266.0622546449836,3.9034741698783,0.4548710719956755
3.3058848982113735,1.1547729374718383,214.2862969978343,0.6027040378567745,0.8841446186687804
0.880378434612521,2.79520860912478,789.2859837916948,29.224341888154783,0.7574213110925566
2.5113754838264533,3.2010001100922834,178.31905079465142,0.7409990138101159,0.9823955718849934
0.8493672643678805,2.0364126522861254,797.1822873718478,7.558763853874878,0.4400711538782523
1.9194716653689072,2.4149849975013034,238.25217752603928,1.6584995305170618,0.8516941733720285
2.1545132161262783,2.1211405731826596,507.79797018745717,1.6434362447929922,0.9752135819647455
1.0881236982373554,4.092987018267339,238.8346597597511,1.0765665525289962,0.6746830759990503
2.2034039684277436,2.0031863900257605,400.51755607345706,13.033186909132894,0.5640485063646954
3.6499307005462995,1.5431303448318727,202.58561962584847,11.746841851068199,0.07791101271555592
0.7347251686379774,1.4052048289772725,3599.377575243045,12.890146104752763,1.1247728634454552
1.3038624290581802,2.523321417744698,1176.35129105727,2.229753743901695,0.9773305282803985
1.3732929838817687,1.2213086394645853,450.1810347692388,4.966953525769655,0.7826450720899409
1.6112702649793684,2.524299280007977,2406.098327046388,13.109952941364886,0.28942155334852576
0.49279253514525334,3.0120669879999786,793.7559258525631,8.144431287546736,0.7902689051122347
1.9906570301350515,3.1756560442786363,250.46799391759396,4.738213679974239,0.3197204998481515
1.2698165373653323,2.703013950432457,637.6445465827366,5.734388395364073,1.872332568506811
0.5229075207027631,5.077374018157681,388.71986575368265,4.6120460792338225,0.15041582879640497
0.49970064685372506,4.123661606457687,880.9831778601572,3.469133887525017,0.6118869891588208
1.8146104415492488,3.366625142002314,260.5373333594176,1.500993934172115,0.3984863368339969
1.660855133570836,1.835356521255129,539.1867655715624,0.8526803375832203,0.9361011827160743
1.4817386190704989,3.2193439985145935,266.03526380659696,4.515577738783029,1.8723764489048695
1.2834745545262454,2.017213149041173,1496.9718974234308,2.921993072004898,0.7227138358733606
1.8142747262282057,2.5866547986473023,697.7664950792996,15.307296936491543,0.3699083179149089
1.3182471063428216,1.3262498212118656,1430.2058707263063,2.006652150869824,0.40848215422743045
2.8487068516160883,0.5438606947513589,79.56665841083479,7.568110905066981,0.2176752104386761
1.7532309466699427,2.4344169455666753,259.65793929147054,7.49881429175309,1.116395460365913
0.5818862771605491,3.1126336638115353,989.155775443193,9.015948020503815,0.45649059378286644
2.056851407621097,2.704757665328028,821.1025285838169,1.5600585021998483,1.832582121051847
1.0071733069483808,5.264327923346258,75.70628197116254,1.724087406840461,0.2549440593986234
2.5126316213978326,2.8133407048724717,365.2207296837824,4.977771542961846,0.34115868712296016
0.6445193030216321,1.3471729739879765,4104.551745079031,1.845763156460509,1.719019106272436
0.8411139826660579,3.640542120116592,587.431338780286,7.071531948881532,1.1733119625633381
1.2024017189927054,0.830542113964738,299.7662695188291,26.591824437132644,0.3052183836941181
1.4589245629183392,2.635357432471426,540.8008711370928,1.455282272962207,1.5786186407373457
1.2579555661664203,3.044381798411347,277.13753703518245,33.38106284823563,0.13296062672088843
0.22822995037779026,4.80521725636061,497.7158101398992,10.081460636206236,0.8610878514722069
2.4418960557418874,2.6506795130703704,371.8294900656302,10.354862127151142,0.2192268332042775
2.1668610962024997,2.584922910968343,670.5902715907768,3.606749465184377,0.22406123264250152
1.7848631318229935,1.439575360373381,535.6738212860844,18.58514637614984,0.4930385357072569
2.0900024628615177,2.513560041706367,762.1015834356614,1.5223107269980911,0.3861038181149207
3.2185076439607254,0.872080726944355,105.38040555799545,1.9504894574871239,0.40114290388362184
1.7011700511235004,2.704757665328028,441.4481686522717,3.6238592134042658,0.4561626685862063
0.6872552258007301,4.121790971666881,688.1542990753826,1.1092001138263285,1.985796295384967
4.253504772006733,3.2051876070431424,165.9332853852539,1.09252905091836,0.31813782759896186
0.443162240077416,2.4461801229965885,1216.0554595773917,34.25938634697083,0.5966934781329243
1.7778057697448473,1.6771012715509566,871.5578809043608,6.714846928214129,0.1592656703134753
1.0683878112328058,3.7825131766240654,439.3248353599855,6.917042106004075,0.16380340608111157
1.9988884096464261,4.3662134731728885,208.0949296517237,3.9868952534077704,0.09173148868401335
2.730620219986614,2.320418626497136,330.4366479994473,5.244219716271779,1.450145539950428
1.6479734669739892,2.9532165734435623,123.29545922209998,1.098497230585777,1.0940242339182322
1.432944793223161,2.7558500391368366,858.21110892409,3.1176760063716205,0.5476699540596509
3.0133390576536367,2.339235223134949,256.2238714127746,5.836019501040456,1.8767669118872536
0.7965226633878377,2.1653465770114817,651.8694566262675,49.341538372338356,0.4842071273180305
1.2480049756568508,3.2442119291785785,771.9500213563736,2.7407827858551457,0.5729318146756023
2.25046096607798,3.700473125001644,214.2573620446649,2.6553642613241486,0.2399381110854916
1.3483518510466665,1.958484072209951,898.1322556106813,1.4580142925559874,1.9972599380334408
1.276443697089423,2.888901635836927,622.7128103801501,5.60917171460429,0.2684352100336976
0.7533477955973504,0.984758742298561,852.1989511278005,8.279539723405003,0.7440222930735916
2.5636965136664225,2.0031863900257605,365.5445379129609,1.72333504021248,0.6921315098362544
1.1118152542302626,3.044381798411347,717.1815957847708,24.677312382818354,0.4578972957349309
2.615395071301378,3.428720116365884,426.4458205178137,2.3335214219660156,0.9707898536945793
0.23050150380793633,2.9910868287772305,1553.0381754150942,39.21593071758554,1.0117371381046751
1.0365515901331825,2.722844684830085,680.83791960806,2.508152973900602,1.1939407254297691
2.045165770027945,3.2187442612657295,99.8125695197326,25.656489506164753,0.26348858873840714
5.933496001188812,3.2051876070431424,103.56585616408023,0.6957129475488101,1.2455668957577688
1.1184653878846271,1.0075408022241652,1117.842577385192,2.330073076571073,0.6781285604269268
0.5947572160779344,2.0295828985730444,2809.2311607693464,2.628891582976976,1.7990185914455592
1.3988058973430029,1.5557612804874101,300.89526507977706,1.0225884017098537,1.9373282715213256
2.5760542238627635,2.0253332942080906,225.1793287200881,1.9947899004004945,1.742673715680652
4.257436270191602,2.9910868287772305,323.77547653183774,0.8152952186973765,1.538080428970465
1.561315686754166,1.7093194436937478,202.054078019922,3.9923748114455697,0.5713667260081389
2.0277559149432496,3.537790564511897,248.86517659333526,5.061793652579348,0.35510648505303927
1.6498381713007042,3.483722122614909,159.10416020459232,5.180449768614075,1.0915992365828469
2.5538857914013913,1.5557612804874101,353.63740111111434,1.7893635692739032,0.4051610680213964
1.812102013230322,2.7382806326200986,1894.5194882427877,2.810377586342743,0.707608589937149
1.3193721568368515,3.044665250132284,385.6582913054505,2.651905737736291,1.7841178227434884
1.38461538183177,1.0075408022241652,1355.7890848614368,1.4616407395139637,0.43137608292464663
0.9394109427507666,2.7360823198465414,371.53934007652646,89.48171981149689,0.07236724279707894
0.1600250376280823,4.863349854701311,1044.1879281798692,3.593331343323312,1.9620743050976273
0.8772657921514857,4.0423672273689215,1850.8180533186908,1.3932316058647636,1.8933308494898609
0.7673114821629374,2.862669214710215,2189.7176667499007,4.900559081170214,0.5542999853860541
1.82001926224706,1.8851966784517769,1080.037038694631,2.4318117440167506,0.5277375083425727
1.827785528711531,2.287756740104171,1597.1903124478683,1.800600884830007,1.0343120852124577
0.506691642822636,3.4192394460558706,2460.6860761156404,8.53007141718108,0.7187573420515196
1.4399295622889965,1.7454604653160632,751.698656297297,1.854589852807885,0.5011438143936345
0.32771426812773097,5.4963271514434275,227.09437384094034,1.3170135490425712,1.4433390261588308
0.48708220271777547,4.421263741158249,139.4326839636301,9.66950498078634,0.2550946291078498
1.9385195622144127,3.530417203361524,327.494607906699,1.0523249112648516,0.5093834632292455
1.9323291295086107,3.2669041792957674,488.5680800589091,3.882053923533655,0.2486385786233535
0.7319210690361957,2.5240517586681834,1718.9741460224527,80.95052467067026,0.050637797381755896
2.1452512202469523,3.3180494683740633,64.87511148590583,0.9300543537541164,1.8738708657132062
1.820342950537186,2.880246457303554,218.69872995749773,1.122210274586223,1.1979818427307494
1.0163680790124663,2.765384096901652,318.45551258418266,3.85673606701053,0.7915961386262508
1.0904194705879364,3.4452580165055724,890.3842614565433,0.8789194874068776,1.9479120553590175
1.2242918963076228,0.8038131982860467,999.6299608777049,2.554473913211755,0.3270919223637916
3.0789052768769656,2.367849010087408,420.81303487982046,1.898281283778385,0.8818638057824267
1.088303197479397,4.212071844455099,520.5146781908435,3.0076344369692687,0.7032220218072733
2.7223502928154417,1.9818623197169978,2709.311948217629,1.1275130889989464,1.666790532615941
1.0673320405550992,2.367849010087408,199.8710515029149,7.800586861633327,0.614538599249355
1.3707504129734591,2.1825433294919203,1576.9793368290352,20.643926438708917,0.28053412226626445
0.49462780779804505,4.484899354028476,623.0845305667998,2.074227147212396,1.2775406682057133
2.157921940834615,2.5390020196040033,357.0705499680217,17.469288207062068,0.10353519593945598
2.756101947153916,1.9818623197169978,116.65646534982153,24.268882741298587,0.1389581671636578
1.8036046198150881,1.2213086394645853,322.2789335038569,2.656495023158632,0.806183513289454
1.4100013047805868,2.525956773724529,671.9986623289491,1.7343488135718017,1.3159898111658153
2.2499410432716638,1.7240969930308983,953.9132584814229,2.4866764001208828,0.9576750240551519
1.7805279696078018,4.343363217835706,92.45687127405171,2.4969051562846323,0.20503889217387097
0.5887321520866191,2.955478788416712,876.8325953178665,83.93820128203362,0.4769255307199008
2.5030076868637687,2.9435534929906533,192.14893635331268,1.6546780810778687,0.8720139512543459
0.841528998401563,1.240298786933134,1896.7795418313776,3.6880668216934778,0.965565025050011
1.5328568444408743,3.2057573570699867,405.75572516035004,3.2917914672761253,0.9398189514035965
2.225555741466289,4.006041216348894,403.2698947116508,1.1695349535085662,0.5874691422436898
2.034281921778134,3.343034909906937,440.3777754711137,2.5104666903072257,0.48582420471831306
0.4651428559853237,2.0031863900257605,459.4953867713241,69.48107803550535,0.19566862456199685
1.3515925638274466,3.366625142002314,128.93676359871796,1.074054017151761,0.9719178128163125
0.5162564549065349,3.8427145572888635,3598.1877212169084,2.421226640602039,1.964482510529865
2.126244887972674,0.8909530698594604,281.5173778654767,2.945640653092084,0.20227077097356846
1.1156932707926934,4.503021335575696,920.7711621043102,1.1973768711339814,1.6215066243467626
1.360238232301584,1.835356521255129,1998.0859006381052,1.0696824921530594,1.575489949898351
0.7643188853589256,2.161905500487799,1696.249255562515,31.9259673889234,0.5424375026468221
0.5308049018996912,4.744885455072463,785.2628363453741,7.095156367737484,0.5898192960391586
0.21571443270905388,4.056165740302019,957.6041139294391,48.96257031784376,0.33418668247744804
1.8404726717016682,3.287517088029101,287.73704461934904,5.499052700374082,0.163058513776616
2.0256217046251974,2.7029326861255796,363.11082197918944,16.14506209098148,0.10057096945351963
2.0327283048025055,3.700473125001644,317.1576291857006,3.0842354356256196,0.2431316592481809
1.7817064392199953,4.020886184854765,759.7162983966857,2.0327595281681305,0.5210586453869568
1.9838639960478215,2.376597773571701,281.83897808931573,11.78042689883408,0.29093159381070266
2.31561770447166,3.7338068137950904,929.7500663298122,1.2965796940995584,0.9195019360033804
2.1064838749866652,4.091282646994862,142.74079598185386,0.6830452456016411,1.8815331612534312
0.798217938827849,1.2861401909027317,1695.628539864265,1.3758028115285323,1.5963143076328323
1.254240778073517,2.7575003473263986,206.73184439086407,12.959458446989284,0.4403893958098992
1.2232979941516007,4.6541224244022,174.66711441313254,2.885116975467638,0.502238935474156
3.3247979500066123,3.5472790124205207,651.4458645490187,1.66067121043314,0.8215329703373401
0.34185641301499836,5.1934439666744465,485.7595189836476,2.020214789096698,1.533640068496581
3.634413869162902,2.1211405731826596,231.768052150288,2.4247088815521423,0.43288392019242655
1.4566109167162677,1.941848696201477,372.4906450824007,2.6316867736051544,0.9890244162922038
1.973888331786342,2.3936225929050843,350.88899079048474,7.573052739245928,0.3238115366962614
1.0730500996500183,4.691334212693644,142.73629511595752,0.9885871595844516,0.49305417893424464
2.8228161347639618,1.5594014901664985,233.49840098047187,1.031006204590781,1.1960397058020429
0.8451896455722188,4.1528760496311135,173.52667594921255,36.154007095168865,0.06142296715814268
2.6268046662294346,2.513560041706367,87.12321246433063,7.553427456576849,0.16223722906550486
1.6431985765743828,4.231657490639651,95.83156613810347,0.9342550353368543,0.7507047629398941
0.8323196729197362,3.376951241211623,1142.2225037888102,10.241996054942026,0.29803536055913116
1.8302836030811007,2.5866547986473023,812.5016729083643,2.3017525408470405,1.1550551479957274
2.6534025376712496,1.1547729374718383,196.41798198265568,0.8650854123986653,0.5400694548852635
2.0863884480705277,3.832757612018462,218.90650723757196,3.3036266296388357,0.33323749198562935
1.6305035217830905,2.2587383455984384,603.83774279783,7.967010504382201,0.39369340534933295
0.3742922720285664,4.679574135914085,291.9495517182729,9.014691336438027,0.42412118226624024
2.393940774424752,1.041140621630309,420.50271070084233,6.945877953667729,0.11737976388487789
0.6144564403502888,5.561746494646073,328.7442183931253,6.0108682382812875,0.1602484051034118
0.7961016500681859,3.648257995879244,550.9918087373646,1.6020942367291555,0.965820547622668
1.4792466766395815,2.740833956853282,427.02724186298116,1.6123061135256453,1.5439584894597065
0.563457227714353,0.872080726944355,8125.596325524313,2.111435046721165,1.8822178994115297
2.080945612435801,2.331296863229901,606.3788132759805,2.2146403228454092,0.4352541247047787
1.0340401114792934,2.4767350171147453,815.1387335253503,1.9296435453842051,0.8915688267738947
1.0172613130432664,3.117283767577956,613.4438972536877,2.460848125695948,0.9551998627496816
3.336562628186333,3.265527632327709,52.23105472315065,2.5626963355758074,0.18673712277768315
0.3075880060866183,2.9435534929906533,539.2080504102704,17.173963010772873,0.9798305919045456
1.8022209597187056,1.949599417303673,755.8081684103937,0.7942712178308222,1.3844533724167345
2.6750905486110907,2.0332249025584743,368.91663132398014,1.546681003618794,0.9379636435722966
0.556357917484064,4.642083068685313,329.0686151983595,0.8239575646907943,1.4263459872060142
0.41642177136308556,5.034925314373566,181.1495981023493,1.8276619692579577,0.6202741986354942
0.6043710029553835,1.958484072209951,4757.665017391092,7.469830420944049,0.7717912135741093
2.030160884607762,2.287756740104171,1780.4215113035934,3.4648727459446547,0.8517053807359971
1.6277290801717164,4.125680131360168,608.7577505462094,7.9499124331922815,0.03488573015334611
3.791295351014888,1.3471729739879765,553.719563961878,1.229405752406717,0.3946884072037546
1.3229727071564534,3.2605496269487535,397.2350129884873,0.892593224411661,1.5047917193863385
0.5818226414329153,3.537790564511897,1144.2091053943695,1.9044947846706535,1.710823612755241
1.3844440231698973,1.3625921361561895,1702.8589663833002,11.561359232103277,0.6718838908950663
0.572282603260432,3.044665250132284,1596.772081505298,7.285122486228672,1.5398442157799435
1.3265182868599839,2.722844684830085,271.8147676342953,12.068320504174109,0.22607504185537997
1.1725107048368528,4.511402358339206,285.2150704610887,3.894415280739066,0.13493067695636596
0.6590381157955116,2.870752049979335,1031.3540794063902,2.4300041099312835,1.8497933224932428
1.9962732327011992,3.7299547897207277,263.0196270899436,2.6253512003245385,0.24601157017680847
0.22851553272836278,6.168343195655609,247.30453972541514,5.245466190809931,0.7374815048720135
0.6951040780019149,4.278447331307329,467.50979797793315,0.7690406264027341,1.5442617829499088
1.842570982461603,1.7240969930308983,480.1031284938988,1.4335398997180309,0.6889031583239924
0.5108178857789114,2.5866547986473023,661.665977825731,12.256811605375841,0.8118117518341373
0.8605383973542966,2.955478788416712,1475.7732927446204,4.608270081165598,1.902175413538002
1.4802287379279702,1.1547729374718383,780.8622372297087,1.230720069832951,0.6928042567562588
0.9059262985048944,3.837947455586922,136.5864388158257,1.4007532674966405,1.4971765047492522
1.962112545751995,2.4344169455666753,349.14835896433755,1.1562726146895155,1.2390833816850848
2.105581361194878,1.3027055173376982,622.9921114104754,2.2160170623918902,0.6175893850786129
2.4274367708722315,2.642565530592786,329.42482847008546,7.743603406483964,0.2818774544629181
1.3771538868687685,0.9825491816758877,259.2395217441554,0.7373632903457729,1.856995469053109
0.17167133810872803,4.092987018267339,406.89829765798504,257.9423006704945,0.09937447698766401
2.7622498987161515,1.5974872256702182,279.20825614999455,0.6096029577066711,1.2086970063787832
1.8078214779708577,1.915695759387396,129.053316774173,2.470377666810006,1.3121854696292161
1.6497561267542844,0.2988312624168325,303.7980991861389,12.886728556067773,0.02879510825076524
1.2205147219465227,3.7972986651530616,552.14671327715,3.031780496633766,0.2343976951160397
0.657579730496664,3.5315373733426396,299.5524308732437,15.886663326145817,0.20306089444427905
2.0472749341921137,1.3262498212118656,966.1892864735131,2.1088798311391237,0.26463818175138837
1.898959184955527,2.4767350171147453,186.31158634766626,3.5287710781701507,0.9543930301103606
0.7123047614420432,2.327575621237266,645.2172485547443,40.12733135569807,0.40315366688150667
1.3804203247423734,2.6882524245408317,149.87279574527685,113.86292908650883,0.07623734403143366
2.0317691371214925,3.105649519692593,334.020520930984,11.561599761958306,0.07306540034706567
0.66632592215602,4.355095795820337,437.47675371352756,2.7644258655648812,0.401721905163078
1.7225661045795553,2.703013950432457,290.87074141024897,2.3289048280393243,0.3749210323626716
1.1563976829862224,4.318044456520049,229.14505425287788,2.654581491706338,0.23442024427546224
1.4656707413757752,3.8760822961662598,245.16123701013044,2.799305529596149,0.2708970809454736
3.1510697133338397,3.3999177756232197,239.79713932171802,1.0298550500920711,0.5444748563139543
1.9698651114843182,5.071454136951027,236.7577563567638,1.7227124770271007,1.202157065155214
0.5238790529241464,3.5073488925942398,472.19909764955355,78.23992786848339,0.07583184900256368
1.4721229632476005,3.2010001100922834,210.14168185350087,15.389222583551987,0.06531186679043428
1.063571911540878,4.882610045517068,214.51103043903726,1.6965425280027082,0.42171618699759233
