graceid,gpstime,pipeline,search,far,ra,dec,error_radius
GRB100000,1444839477.627948,Swift,SubGRBTargeted,5.401185214515662e-05,264.88404127828494,-63.14986025011305,0.05
GRB100001,1444835476.177734,Swift,SubGRBTargeted,9.739854425240943e-05,114.01602672780172,-38.823034350489884,0.05
GRB100002,1444825448.273024,Swift,SubGRBTargeted,2.7888240169194192e-05,67.58978015661621,-8.439945220894659,0.05
GRB100003,1444770510.105494,Swift,SubGRBTargeted,3.1456325497104325e-05,328.56264262693753,14.778852632543485,0.05
GRB100004,1444756081.882981,Swift,SubGRBTargeted,2.396881443807961e-05,180.26769019932178,42.791051859724746,0.05
GRB100005,1444753872.97998,Swift,SubGRBTargeted,8.179973257892373e-05,334.46983488170554,-19.558690220408067,0.05
GRB100006,1444738154.228027,Swift,SubGRBTargeted,7.918354018247998e-06,212.58954689606318,27.001168678121587,0.05
GRB100007,1444717851.258545,Swift,SubGRBTargeted,1.3485229948679302e-05,325.1202978986669,16.54220760397358,0.05
GRB100008,1444713784.799021,Swift,SubGRBTargeted,1.273652087319508e-05,129.6371068496817,16.984800139943452,0.05
GRB100009,1444703128.643555,Swift,SubGRBTargeted,5.42261969544856e-05,15.204162940319122,-48.161023056071755,0.05
GRB100010,1444702589.056282,Swift,SubGRBTargeted,7.729400382595085e-05,282.03568978953246,-9.993119562622166,0.05
GRB100011,1444700604.515716,Swift,SubGRBTargeted,2.896583054360934e-05,119.94003091109434,16.50946897077194,0.05
GRB100012,1444654816.280363,Swift,SubGRBTargeted,1.4381212415453582e-05,344.19301570113106,-13.123690210874182,0.05
GRB100013,1444654525.392944,Swift,SubGRBTargeted,3.293746002390035e-05,202.39729864985964,-24.83367243833311,0.05
GRB100014,1444653958.223389,Swift,SubGRBTargeted,5.865646473736316e-05,260.7857672097159,0.794137603735039,0.05
GRB100015,1444602561.240823,Swift,SubGRBTargeted,7.931092011546362e-05,100.5743972069364,15.813886750549077,0.05
GRB100016,1444592673.181519,Swift,SubGRBTargeted,8.484215294403436e-05,149.8641841133609,60.166292715112206,0.05
GRB100017,1444505451.269757,Swift,SubGRBTargeted,1.788600856910163e-05,349.3510501586416,23.757423510343195,0.05
GRB100018,1444476008.475821,Swift,SubGRBTargeted,7.917000966817039e-05,41.72402743427529,56.24026110990617,0.05
GRB100019,1444472583.102118,Swift,SubGRBTargeted,8.423225745900515e-05,255.01926826975247,19.110599136554804,0.05
GRB100020,1444460608.384693,Swift,SubGRBTargeted,5.712126579637512e-05,139.3819620420539,-52.56799224448755,0.05
GRB100021,1444437630.265635,Swift,SubGRBTargeted,5.684813465647608e-05,317.71273641087254,-30.916218143069642,0.05
GRB100022,1444397762.381342,Swift,SubGRBTargeted,2.1685111647941302e-05,212.83443792542312,-24.938795752331323,0.05
GRB100023,1444358259.347778,Swift,SubGRBTargeted,3.312703671451516e-05,287.0182483002897,-27.74591266034165,0.05
GRB100024,1444355001.437661,Swift,SubGRBTargeted,2.0455418717865237e-05,136.8657826259883,-67.23692781837023,0.05
GRB100025,1444325457.214544,Swift,SubGRBTargeted,8.539309396761455e-05,16.81606537932417,4.042527568343961,0.05
GRB100026,1444302233.477655,Swift,SubGRBTargeted,5.1701012644970756e-05,187.32231311939373,-52.753774450249935,0.05
GRB100027,1444291688.417969,Swift,SubGRBTargeted,1.0864380341827907e-05,72.23187058486114,60.85707567579948,0.05
GRB100028,1444253816.329672,Swift,SubGRBTargeted,8.891298918690866e-05,359.6191598416302,25.853730536104035,0.05
GRB100029,1444222320.936523,Swift,SubGRBTargeted,1.9893179321497004e-05,66.31118800717799,12.738045586856355,0.05
GRB100030,1444211176.196517,Swift,SubGRBTargeted,4.878630874196941e-05,285.7627049467117,-1.7495051818220422,0.05
GRB100031,1444204825.509818,Swift,SubGRBTargeted,2.684726896612383e-05,338.36717023936757,36.26436588496952,0.05
GRB100032,1444193986.600952,Swift,SubGRBTargeted,4.0548455816039886e-05,158.32568539432518,-78.27957219366616,0.05
GRB100033,1444189062.595581,Swift,SubGRBTargeted,4.432446486190601e-05,135.5997486624621,-74.83576441150018,0.05
GRB100034,1444184451.748047,Swift,SubGRBTargeted,2.7533959356395278e-05,181.1376542159873,-17.967651190742004,0.05
GRB100035,1444164099.76626,Swift,SubGRBTargeted,6.403226936364673e-05,331.38794977557586,63.73236947135194,0.05
GRB100036,1444162578.955078,Swift,SubGRBTargeted,8.653121054613165e-05,199.485528747439,-44.44642738734439,0.05
GRB100037,1444144593.010417,Swift,SubGRBTargeted,6.400938388878953e-05,260.3482681617747,-69.27641964927912,0.05
GRB100038,1444088878.076172,Swift,SubGRBTargeted,1.6960867445893558e-05,165.4430853823759,-28.56339007042367,0.05
GRB100039,1444088603.962456,Swift,SubGRBTargeted,6.644026795371256e-05,223.2289818780317,28.740075337597577,0.05
GRB100040,1444083979.95813,Swift,SubGRBTargeted,8.437780545154277e-05,69.69965304449163,-25.89482635997703,0.05
GRB100041,1444035191.504883,Swift,SubGRBTargeted,1.2464254906477656e-05,206.17796964239528,-38.288377871849995,0.05
GRB100042,1444010940.497559,Swift,SubGRBTargeted,8.896804152983681e-05,347.0541505668943,-6.5025915527415235,0.05
GRB100043,1444003640.068359,Swift,SubGRBTargeted,8.166512422694313e-05,134.9731569953306,-73.07953277016989,0.05
GRB100044,1443990945.183362,Swift,SubGRBTargeted,7.498163199266472e-05,301.6348015303797,76.14971383558321,0.05
GRB100045,1443970374.923032,Swift,SubGRBTargeted,4.057652972135705e-05,235.50148278785747,-39.644469379435854,0.05
GRB100046,1443969867.241699,Swift,SubGRBTargeted,2.322056504360801e-05,118.74005282816823,59.299311516369514,0.05
GRB100047,1443943821.901489,Swift,SubGRBTargeted,8.502750844419895e-05,265.54406359577456,5.240319990298917,0.05
GRB100048,1443940091.788086,Swift,SubGRBTargeted,1.4578434941766317e-05,212.2170256160239,-27.62764707963767,0.05
GRB100049,1443939439.990011,Swift,SubGRBTargeted,2.5227590246040266e-06,310.22595142186486,50.668781289094376,0.05
GRB100050,1443925297.756555,Swift,SubGRBTargeted,1.58560640974019e-05,269.7634827290082,-5.187049818154918,0.05
GRB100051,1443924885.680664,Swift,SubGRBTargeted,8.649060488703086e-06,136.25895174808483,20.866827691490233,0.05
GRB100052,1443923870.537099,Swift,SubGRBTargeted,1.858217335423359e-05,215.12458037733012,-24.38782587488848,0.05
GRB100053,1443866040.605469,Swift,SubGRBTargeted,3.385802318107878e-05,286.431541623517,15.85262055423089,0.05
GRB100054,1443862168.493157,Swift,SubGRBTargeted,7.812499662489055e-05,173.2038927470757,-33.99266063206777,0.05
GRB100055,1443857436.737929,Swift,SubGRBTargeted,3.708285131251237e-05,103.15462097238483,23.904064517199544,0.05
GRB100056,1443840469.739746,Swift,SubGRBTargeted,1.1398886603446635e-05,274.51362772667926,29.49480948780086,0.05
GRB100057,1443798603.432719,Swift,SubGRBTargeted,7.462694893780998e-05,327.7862224996769,1.482211158522636,0.05
GRB100058,1443789525.21875,Swift,SubGRBTargeted,1.931469472072158e-05,324.946694538946,-35.7519457764313,0.05
GRB100059,1443783133.912694,Swift,SubGRBTargeted,6.135607697080408e-05,319.69382264512296,-13.54861867164959,0.05
GRB100060,1443776066.202621,Swift,SubGRBTargeted,7.045378221475584e-05,199.93617986865948,-29.182027417915368,0.05
GRB100061,1443772531.657715,Swift,SubGRBTargeted,9.400271705807223e-05,105.53691142126452,17.375696218599227,0.05
GRB100062,1443764713.393555,Swift,SubGRBTargeted,7.620421128741739e-05,328.7771188805188,54.0292257009016,0.05
GRB100063,1443756578.53876,Swift,SubGRBTargeted,9.774071888081627e-05,333.97776876843494,-53.191644304741764,0.05
GRB100064,1443755103.400849,Swift,SubGRBTargeted,5.671924409235943e-05,352.8575186000994,27.40256264483963,0.05
GRB100065,1443742177.598022,Swift,SubGRBTargeted,5.917938217264849e-05,204.29859954800696,29.007793637714492,0.05
GRB100066,1443739627.537598,Swift,SubGRBTargeted,5.042771288503878e-06,203.7048674651779,13.175378819375567,0.05
GRB100067,1443738951.237793,Swift,SubGRBTargeted,8.106540489432252e-05,181.14486218471592,-29.74059466842757,0.05
GRB100068,1443675582.303223,Swift,SubGRBTargeted,7.988518499736301e-05,116.32049198627661,62.03496843445514,0.05
GRB100069,1443674916.781372,Swift,SubGRBTargeted,7.514664524559105e-05,154.5707543278507,-36.77625931584441,0.05
GRB100070,1443651348.594031,Swift,SubGRBTargeted,1.1165035948055692e-05,124.50431622745089,3.2991071868741186,0.05
GRB100071,1443620907.765625,Swift,SubGRBTargeted,9.156771288890512e-05,71.85516416985622,4.155875480646501,0.05
GRB100072,1443574619.680664,Swift,SubGRBTargeted,8.438165009359966e-05,28.24412613509643,2.5813082997649794,0.05
GRB100073,1443533034.5988,Swift,SubGRBTargeted,6.368453501377338e-05,136.8524736671321,-15.1252099345055,0.05
GRB100074,1443532917.897334,Swift,SubGRBTargeted,8.467392484963518e-05,239.60261194387255,21.12209387824777,0.05
GRB100075,1443515761.416016,Swift,SubGRBTargeted,9.37914495996185e-06,91.35714305885034,-5.46975870072806,0.05
GRB100076,1443509554.020996,Swift,SubGRBTargeted,3.77095944280947e-05,49.93415441688547,24.649381594435617,0.05
GRB100077,1443480015.707153,Swift,SubGRBTargeted,9.78927864996824e-05,202.14099687463624,2.7005993854507704,0.05
GRB100078,1443422299.629006,Swift,SubGRBTargeted,1.9273686174702578e-05,186.40396781164316,-53.289606006079936,0.05
GRB100079,1443403364.107178,Swift,SubGRBTargeted,6.289515698156846e-05,356.22762645375036,-14.598269833889688,0.05
GRB100080,1443401971.758425,Swift,SubGRBTargeted,4.7605352304611525e-05,143.05251190644975,12.208106789820297,0.05
GRB100081,1443401063.362793,Swift,SubGRBTargeted,4.002573158698113e-05,112.82714699302905,-54.04706603352807,0.05
GRB100082,1443381480.099487,Swift,SubGRBTargeted,5.858997464612674e-05,247.31772415594097,35.09548960336367,0.05
GRB100083,1443370988.776855,Swift,SubGRBTargeted,4.549201450322831e-05,74.49152250706193,-55.09291633370855,0.05
GRB100084,1443365774.944535,Swift,SubGRBTargeted,2.3506504410748777e-05,163.79812088161717,-1.768519879646675,0.05
GRB100085,1443362564.083984,Swift,SubGRBTargeted,5.091664661256414e-05,185.07899597498425,49.63797177742239,0.05
GRB100086,1443362385.311224,Swift,SubGRBTargeted,6.401225286247865e-05,228.91068026079944,1.6648448334570751,0.05
GRB100087,1443356437.630127,Swift,SubGRBTargeted,5.038901476286274e-05,1.1844783957120075,12.002056616272261,0.05
GRB100088,1443336290.470581,Swift,SubGRBTargeted,9.543069841900706e-05,200.8438935610004,73.5596462501771,0.05
GRB100089,1443312557.236328,Swift,SubGRBTargeted,4.659728359419846e-05,343.6177001911339,-21.440619110128587,0.05
GRB100090,1443302405.392578,Swift,SubGRBTargeted,8.721145467400219e-05,318.3328379736801,31.748699256994776,0.05
GRB100091,1443300325.000727,Swift,SubGRBTargeted,7.886309573138908e-05,69.16557008896555,-48.911098474198695,0.05
GRB100092,1443230598.173396,Swift,SubGRBTargeted,9.687072180048537e-05,45.366103352297756,-17.395554366113696,0.05
GRB100093,1443223178.068178,Swift,SubGRBTargeted,7.053427628608304e-05,336.6855293833018,-56.28123190655127,0.05
GRB100094,1443220192.219238,Swift,SubGRBTargeted,8.345200078258418e-05,354.42170331248434,3.835737028275721,0.05
GRB100095,1443214319.884521,Swift,SubGRBTargeted,1.3534145840894407e-05,47.55430661547807,49.856729156079844,0.05
GRB100096,1443184693.028098,Swift,SubGRBTargeted,9.90609319497832e-05,140.29935584143055,-51.707337273230216,0.05
GRB100097,1443173070.560553,Swift,SubGRBTargeted,1.6761507321114078e-05,143.76083190117825,62.48921550177202,0.05
GRB100098,1443149387.962822,Swift,SubGRBTargeted,8.182716674937433e-05,149.50801610309802,-65.21213208085973,0.05
GRB100099,1443148888.706037,Swift,SubGRBTargeted,2.9506585450727087e-05,265.27204691587025,-19.535545621011213,0.05
GRB100100,1443133230.585938,Swift,SubGRBTargeted,2.9715720352738562e-05,265.0590441525103,-24.516228351115956,0.05
GRB100101,1443124994.42942,Swift,SubGRBTargeted,5.668804104986947e-06,22.067539681253567,59.977115334260894,0.05
GRB100102,1443124984.850586,Swift,SubGRBTargeted,2.7053717349891118e-05,162.69753489713898,47.209233405112,0.05
GRB100103,1443124233.361258,Swift,SubGRBTargeted,4.0703540335524045e-05,84.02828547346982,-1.4045731324543362,0.05
GRB100104,1443114024.30326,Swift,SubGRBTargeted,3.526462298663491e-06,344.07770845344834,54.214141630189,0.05
GRB100105,1443083882.642578,Swift,SubGRBTargeted,7.431293603950081e-05,338.9595569099891,-47.52168498634507,0.05
GRB100106,1443080608.928591,Swift,SubGRBTargeted,7.787408127974007e-05,224.35027100154323,-48.68807294748321,0.05
GRB100107,1443078867.612335,Swift,SubGRBTargeted,8.977405823174413e-05,287.15959991148276,15.474573007722121,0.05
GRB100108,1443059886.506778,Swift,SubGRBTargeted,9.011294656443658e-05,35.579445160241065,-2.819711610208227,0.05
GRB100109,1443028005.467534,Swift,SubGRBTargeted,8.40010746785956e-05,212.86613708250914,12.69732375556942,0.05
GRB100110,1443024928.840113,Swift,SubGRBTargeted,6.75213401263531e-05,47.238341040534365,32.98459327234556,0.05
GRB100111,1442950701.302368,Swift,SubGRBTargeted,2.3559509221983878e-05,47.883462969044004,-28.590102035851746,0.05
GRB100112,1442890861.935547,Swift,SubGRBTargeted,6.548405627324083e-06,191.70805021470017,19.937390901380986,0.05
GRB100113,1442887891.966919,Swift,SubGRBTargeted,8.431963386340898e-05,203.62138695150733,-49.90905335168297,0.05
GRB100114,1442872751.842285,Swift,SubGRBTargeted,1.8835278486627173e-05,237.52288987769668,-6.980572202191919,0.05
GRB100115,1442819053.179228,Swift,SubGRBTargeted,8.693385629912072e-05,26.741043927877822,3.135717213158947,0.05
GRB100116,1442806048.595459,Swift,SubGRBTargeted,7.574812529783951e-05,10.412189715879073,-11.28265175350717,0.05
GRB100117,1442774021.601562,Swift,SubGRBTargeted,3.178379281649557e-05,205.3458937865513,-50.0285054506682,0.05
GRB100118,1442769326.935547,Swift,SubGRBTargeted,3.7609468172202224e-05,314.7554407717567,-42.563681782485006,0.05
GRB100119,1442767538.489502,Swift,SubGRBTargeted,8.545909059696097e-05,204.84421149061734,-53.19108614575016,0.05
GRB100120,1442755471.087891,Swift,SubGRBTargeted,7.937151687160995e-05,195.87752534308197,77.00158633332303,0.05
GRB100121,1442750275.228027,Swift,SubGRBTargeted,9.712113233670727e-06,104.47480043780557,-84.07956680357863,0.05
GRB100122,1442735855.335315,Swift,SubGRBTargeted,5.4983052222722754e-05,244.65532618845424,35.6122511325237,0.05
GRB100123,1442731606.311287,Swift,SubGRBTargeted,1.7429278974995765e-05,357.2107389540063,-26.60926809868714,0.05
GRB100124,1442726015.308105,Swift,SubGRBTargeted,6.748079277810323e-05,119.5629421402526,-50.280045341785794,0.05
GRB100125,1442721861.573048,Swift,SubGRBTargeted,6.063453886668713e-05,105.41494266117998,-62.17540028071356,0.05
GRB100126,1442672535.510592,Swift,SubGRBTargeted,8.932234997661206e-05,168.44306931918905,15.631452682681118,0.05
GRB100127,1442641840.84668,Swift,SubGRBTargeted,9.25216168202941e-05,100.12110862864763,-39.303498156456946,0.05
GRB100128,1442609611.172729,Swift,SubGRBTargeted,9.093849372978274e-05,293.1007103059138,-19.219360174575254,0.05
GRB100129,1442582735.34668,Swift,SubGRBTargeted,4.068122297051251e-05,318.0626974395237,44.66135279721633,0.05
GRB100130,1442582541.901367,Swift,SubGRBTargeted,2.2377171623531812e-05,104.10222655850293,16.744651623767755,0.05
GRB100131,1442574117.91748,Swift,SubGRBTargeted,5.438605358929795e-05,83.72157114713458,-1.6504497511633403,0.05
GRB100132,1442536866.254485,Swift,SubGRBTargeted,4.887013660030422e-05,21.131796746046923,68.65265766913653,0.05
GRB100133,1442531386.59436,Swift,SubGRBTargeted,2.7305983297975545e-05,71.94613186522801,4.75580160216519,0.05
GRB100134,1442495885.852108,Swift,SubGRBTargeted,5.8392152311706005e-05,330.96994733002686,9.993583260934532,0.05
GRB100135,1442482489.080078,Swift,SubGRBTargeted,2.5191753337496917e-05,111.8472065824121,-63.340813751208174,0.05
GRB100136,1442433393.500841,Swift,SubGRBTargeted,7.018599740553943e-05,358.3600992420726,42.469602198020695,0.05
GRB100137,1442426719.303223,Swift,SubGRBTargeted,4.980839460642974e-05,91.85087779335633,-44.567773642174416,0.05
GRB100138,1442406238.671875,Swift,SubGRBTargeted,4.628395442915738e-05,150.30215512724646,17.34141248526295,0.05
GRB100139,1442384243.271484,Swift,SubGRBTargeted,7.56424397672665e-05,74.10161202523449,-20.38482038023222,0.05
GRB100140,1442367566.562744,Swift,SubGRBTargeted,4.620104374245627e-05,66.3071856369743,55.37774109579299,0.05
GRB100141,1442358268.597656,Swift,SubGRBTargeted,4.416803310964337e-05,11.688130898255986,14.195548776635453,0.05
GRB100142,1442290371.413574,Swift,SubGRBTargeted,2.5230424162843748e-05,301.448737960621,21.741403725674918,0.05
GRB100143,1442232627.904175,Swift,SubGRBTargeted,1.7837955862106682e-07,71.49345373578821,-9.959130335643156,0.05
GRB100144,1442223556.76123,Swift,SubGRBTargeted,6.894539874355311e-05,42.64867582653715,0.8741239098999288,0.05
GRB100145,1442222760.506658,Swift,SubGRBTargeted,9.733995312873307e-05,115.91392983363471,-26.0937581884333,0.05
GRB100146,1442217855.156738,Swift,SubGRBTargeted,3.24116857416491e-05,14.963587875184157,-30.17777763491357,0.05
GRB100147,1442203219.862305,Swift,SubGRBTargeted,2.9422473340341393e-05,138.48695115034909,68.43915549162298,0.05
GRB100148,1442149344.71309,Swift,SubGRBTargeted,1.9396202958955122e-05,38.86778158142217,50.95868060780591,0.05
GRB100149,1442127725.376465,Swift,SubGRBTargeted,9.10267913101875e-05,106.71368055380304,6.1460310607613975,0.05
GRB100150,1442031797.504395,Swift,SubGRBTargeted,1.807793416378878e-05,327.72144008477613,52.26582498182133,0.05
GRB100151,1442021693.47168,Swift,SubGRBTargeted,2.2102496031036656e-05,334.14442996339403,15.584665994731624,0.05
GRB100152,1441838088.699707,Swift,SubGRBTargeted,8.045594447968595e-05,82.91051004863536,33.012337923740134,0.05
GRB100153,1441792565.932617,Swift,SubGRBTargeted,8.248541288577046e-05,210.1669101346192,21.25539418192112,0.05
GRB100154,1441790661.584255,Swift,SubGRBTargeted,9.873079950740073e-05,124.53730612225971,-31.879150826152333,0.05
GRB100155,1441742677.571655,Swift,SubGRBTargeted,4.35943402771228e-05,118.6539218817466,-14.80804418638253,0.05
GRB100156,1441736508.657227,Swift,SubGRBTargeted,8.760335204366804e-05,263.229334578291,-39.01686579554526,0.05
GRB100157,1441701642.96582,Swift,SubGRBTargeted,9.731414392811649e-05,3.2399949182005416,-26.55802814074126,0.05
GRB100158,1441696597.199712,Swift,SubGRBTargeted,6.407200352531224e-05,22.500624994468378,23.168601397409944,0.05
GRB100159,1441693395.940186,Swift,SubGRBTargeted,4.8208749212919165e-05,207.68324297426386,-55.16442776147262,0.05
GRB100160,1441636435.376953,Swift,SubGRBTargeted,7.256887092142664e-05,256.29054951973274,-56.576265203743276,0.05
GRB100161,1441630467.446411,Swift,SubGRBTargeted,3.568457104737079e-05,355.37160482108294,-6.281724900913515,0.05
GRB100162,1441630135.617782,Swift,SubGRBTargeted,4.3148226436423764e-05,298.81981699980884,-18.458690857588614,0.05
GRB100163,1441630088.845582,Swift,SubGRBTargeted,3.400128512579247e-05,62.24501195522527,82.82445047872052,0.05
GRB100164,1441627445.910645,Swift,SubGRBTargeted,9.11679656520631e-05,272.5046169984525,36.657272733291975,0.05
GRB100165,1441622029.023804,Swift,SubGRBTargeted,6.617367798421123e-05,285.16255355050134,-41.939909420757765,0.05
GRB100166,1441621239.925725,Swift,SubGRBTargeted,2.5955111007742106e-05,263.7366055868082,31.956474491779037,0.05
GRB100167,1441620426.030532,Swift,SubGRBTargeted,4.617397398218127e-05,92.22211105229525,8.62930482051549,0.05
GRB100168,1441620052.583059,Swift,SubGRBTargeted,2.3826430187375416e-05,193.1580172702809,6.62658471542236,0.05
GRB100169,1441611332.059448,Swift,SubGRBTargeted,1.704351419965856e-05,284.62468749476704,33.29220876071662,0.05
GRB100170,1441610186.089731,Swift,SubGRBTargeted,7.092937869377997e-05,152.37977316376927,74.24111514942634,0.05
GRB100171,1441607288.064784,Swift,SubGRBTargeted,7.094472091760696e-06,184.0984955316852,0.5973312564187488,0.05
GRB100172,1441584300.28125,Swift,SubGRBTargeted,8.525715640082931e-05,69.60004096086323,35.53480529592884,0.05
GRB100173,1441578032.667337,Swift,SubGRBTargeted,2.6121747088396453e-05,253.85390494051185,-47.84918479777458,0.05
GRB100174,1441574905.469207,Swift,SubGRBTargeted,7.17553513989087e-05,82.27927307874464,59.37548922184445,0.05
GRB100175,1441567488.227048,Swift,SubGRBTargeted,8.235148936734738e-05,114.3650873306752,-51.1496100829479,0.05
GRB100176,1441539513.780471,Swift,SubGRBTargeted,5.4109844916585196e-05,114.6218317587226,49.360490464157614,0.05
GRB100177,1441537662.243164,Swift,SubGRBTargeted,8.573049825512941e-05,235.1748504403457,34.91478748683235,0.05
GRB100178,1441508444.509766,Swift,SubGRBTargeted,8.74084578192774e-05,279.76016873967416,18.058785962274907,0.05
GRB100179,1441504036.794833,Swift,SubGRBTargeted,6.914565433048368e-05,230.41096117059686,40.93632530473816,0.05
GRB100180,1441493025.748312,Swift,SubGRBTargeted,2.697079246926122e-05,33.246728380133064,-35.10333009899872,0.05
GRB100181,1441490770.727295,Swift,SubGRBTargeted,2.273284021729273e-05,77.99739795433119,-42.8830364579988,0.05
GRB100182,1441490702.815918,Swift,SubGRBTargeted,4.3071196015934544e-05,210.00575941087624,-44.3021293085086,0.05
GRB100183,1441455767.753296,Swift,SubGRBTargeted,9.055849544099671e-05,271.241199420007,37.432482988672966,0.05
GRB100184,1441424830.491699,Swift,SubGRBTargeted,6.0571367424645356e-05,179.0329990233612,11.505140156438728,0.05
GRB100185,1441415779.623291,Swift,SubGRBTargeted,4.789481332704636e-05,152.57830681625074,-52.23519545253451,0.05
GRB100186,1441346817.842066,Swift,SubGRBTargeted,5.717013850183436e-05,306.55607213764927,57.18066421954152,0.05
GRB100187,1441328377.010316,Swift,SubGRBTargeted,7.95530597364874e-05,351.54619548104625,-36.569226016940114,0.05
GRB100188,1441317699.404561,Swift,SubGRBTargeted,9.058143347093445e-05,37.8680319335602,22.840010368488688,0.05
GRB100189,1441269430.910824,Swift,SubGRBTargeted,9.874359349496832e-06,337.8708306307111,-31.368863299264113,0.05
GRB100190,1441251022.841096,Swift,SubGRBTargeted,7.594723711435633e-05,332.82745978954483,-49.76564049252,0.05
GRB100191,1441246541.741943,Swift,SubGRBTargeted,9.08104048450467e-05,108.98988584254822,30.962653791711922,0.05
GRB100192,1441246034.763302,Swift,SubGRBTargeted,9.205309685869845e-05,278.88439679899926,-12.127336052214984,0.05
GRB100193,1441224615.420898,Swift,SubGRBTargeted,6.593551790125133e-05,349.62980619526036,-48.832729562512874,0.05
GRB100194,1441168680.924927,Swift,SubGRBTargeted,1.0121318596176076e-05,323.81935690073897,-82.09390552398834,0.05
GRB100195,1441165014.678442,Swift,SubGRBTargeted,5.982647619848356e-05,77.369300005973,-25.7167506584672,0.05
GRB100196,1441154317.057082,Swift,SubGRBTargeted,9.989583485027763e-05,244.9187076400692,-54.053776594090614,0.05
GRB100197,1441090723.997866,Swift,SubGRBTargeted,1.7169554639734176e-05,123.2746337404102,14.592296991646363,0.05
GRB100198,1441089751.164185,Swift,SubGRBTargeted,9.699952130569478e-05,138.2496081122395,47.26209238729969,0.05
GRB100199,1441071566.555664,Swift,SubGRBTargeted,2.3498259850128546e-06,29.539596788765117,58.592134936837326,0.05
GRB100200,1441070725.544888,Swift,SubGRBTargeted,5.231478426565872e-05,174.44709750528995,52.772121283541516,0.05
GRB100201,1441023364.420166,Swift,SubGRBTargeted,1.3715234446286673e-05,293.45199917885463,22.79645250424771,0.05
GRB100202,1441021934.458618,Swift,SubGRBTargeted,7.859929788196441e-06,15.624234875182141,34.05176922736042,0.05
GRB100203,1441021306.671875,Swift,SubGRBTargeted,8.550702397416683e-05,209.2975541879039,-80.28882431987131,0.05
GRB100204,1441020719.466797,Swift,SubGRBTargeted,5.8184838580332836e-05,289.02659903299934,45.032465042881284,0.05
GRB100205,1440986033.083984,Swift,SubGRBTargeted,1.0015430234221423e-05,4.987409042911799,-28.268657990271862,0.05
GRB100206,1440985233.369141,Swift,SubGRBTargeted,9.747602500195217e-05,116.39494259683791,17.21869515831146,0.05
GRB100207,1440984503.079468,Swift,SubGRBTargeted,2.8961117679529813e-05,152.77336459167194,7.703906467986703,0.05
GRB100208,1440972980.457397,Swift,SubGRBTargeted,7.73305765800151e-05,167.28435296368363,-62.82658352219718,0.05
GRB100209,1440968617.107741,Swift,SubGRBTargeted,4.35270966260588e-05,97.9058713628668,-23.67399600658126,0.05
GRB100210,1440965650.439941,Swift,SubGRBTargeted,4.546970184281807e-06,98.74346658319888,30.34924219064868,0.05
GRB100211,1440962318.915283,Swift,SubGRBTargeted,7.884637298206685e-05,220.16054856298135,1.96399909492072,0.05
GRB100212,1440946021.906231,Swift,SubGRBTargeted,7.585235017792253e-05,357.2212787184515,11.261964390213304,0.05
GRB100213,1440942822.678101,Swift,SubGRBTargeted,4.830336479921834e-05,196.08414717426854,-47.926967223000744,0.05
GRB100214,1440923708.076832,Swift,SubGRBTargeted,4.5548304725985756e-05,145.5463085597159,27.94239587033435,0.05
GRB100215,1440905827.652746,Swift,SubGRBTargeted,9.656829398748319e-05,159.33063766902058,-53.91502700034239,0.05
GRB100216,1440903482.224609,Swift,SubGRBTargeted,9.56507174975438e-05,227.0576052788867,-2.544776471170488,0.05
GRB100217,1440897954.61377,Swift,SubGRBTargeted,8.900475967822697e-05,353.6948704310862,-19.068287794538115,0.05
GRB100218,1440893417.933594,Swift,SubGRBTargeted,4.626687227889026e-05,28.115599368454724,46.130463578203184,0.05
GRB100219,1440893404.505892,Swift,SubGRBTargeted,7.937562520182493e-05,242.28065074371102,41.72227491290114,0.05
GRB100220,1440889973.735352,Swift,SubGRBTargeted,9.670302964188771e-06,215.39969925706785,-60.25672040487658,0.05
GRB100221,1440856151.652344,Swift,SubGRBTargeted,5.5132830099850274e-05,264.7901553670307,34.782741572318784,0.05
GRB100222,1440855976.110441,Swift,SubGRBTargeted,7.267594183335316e-05,292.91181792283845,55.742826840550286,0.05
GRB100223,1440842001.998779,Swift,SubGRBTargeted,8.406191842442923e-06,66.30326085434528,16.509454381789862,0.05
GRB100224,1440832198.831543,Swift,SubGRBTargeted,5.872528991288187e-05,167.0188037599249,-25.988323555396082,0.05
GRB100225,1440823583.173096,Swift,SubGRBTargeted,9.635792085612146e-05,305.1055999330263,34.03321461767638,0.05
GRB100226,1440809779.561768,Swift,SubGRBTargeted,6.327929819238673e-05,96.832170329768,-9.311451937781737,0.05
GRB100227,1440799765.334214,Swift,SubGRBTargeted,1.2449287827024924e-06,91.35436854366387,-23.18334150040889,0.05
GRB100228,1440798258.133789,Swift,SubGRBTargeted,6.114503186110987e-06,185.41338716295382,-40.392253990740045,0.05
GRB100229,1440789079.800912,Swift,SubGRBTargeted,2.9391369393178802e-05,164.88615170714502,13.596245791017484,0.05
GRB100230,1440787592.967779,Swift,SubGRBTargeted,9.316656854605738e-05,138.4047045383835,28.47792798844312,0.05
GRB100231,1440786256.842773,Swift,SubGRBTargeted,3.7384989421477115e-05,342.4083827955991,-45.61367021028323,0.05
GRB100232,1440744889.134399,Swift,SubGRBTargeted,5.2831635292387506e-05,248.22976937550501,34.58441902656613,0.05
GRB100233,1440725546.60791,Swift,SubGRBTargeted,2.5101107846955164e-05,146.9875173650203,-37.36119821888746,0.05
GRB100234,1440682570.69391,Swift,SubGRBTargeted,1.8044968173057484e-05,105.21677875761011,-67.20234232298579,0.05
GRB100235,1440678668.228027,Swift,SubGRBTargeted,3.858543183515351e-05,288.84433111419554,58.85365784892856,0.05
GRB100236,1440630524.726213,Swift,SubGRBTargeted,5.051391620135065e-05,234.52279267693837,-20.644303696456458,0.05
GRB100237,1440628826.730347,Swift,SubGRBTargeted,7.058810246869749e-05,295.6859781353305,-8.65847853679705,0.05
GRB100238,1440594933.331455,Swift,SubGRBTargeted,7.743467261040023e-05,227.74499219260858,23.811667529919546,0.05
GRB100239,1440586929.958496,Swift,SubGRBTargeted,9.093650752598239e-05,80.50536604420121,-3.9456502342043747,0.05
GRB100240,1440573764.660645,Swift,SubGRBTargeted,1.9694571652672777e-05,138.2862751193783,-39.4648879958399,0.05
GRB100241,1440571791.505929,Swift,SubGRBTargeted,5.235004270082957e-05,66.61665406214394,-10.49917021801904,0.05
GRB100242,1440568955.951294,Swift,SubGRBTargeted,4.8318719613297215e-05,151.7939981621181,-54.90533430411496,0.05
GRB100243,1440552349.212891,Swift,SubGRBTargeted,2.3463389010008117e-05,357.81341142727973,47.58146207187671,0.05
GRB100244,1440551331.678223,Swift,SubGRBTargeted,9.508492181295034e-05,25.848201111288333,-2.4184400634056455,0.05
GRB100245,1440544849.492188,Swift,SubGRBTargeted,1.2813997821475576e-05,269.8892774042327,15.545362818306897,0.05
GRB100246,1440512820.203613,Swift,SubGRBTargeted,5.6374121804005534e-05,328.4664516742403,14.111008638622428,0.05
GRB100247,1440507480.584473,Swift,SubGRBTargeted,1.9732839130079716e-05,190.66202929537718,-13.944465137695602,0.05
GRB100248,1440500685.684082,Swift,SubGRBTargeted,1.7110039997264572e-07,65.78750351683767,-52.78238581509734,0.05
GRB100249,1440496093.069249,Swift,SubGRBTargeted,4.547285846050656e-05,33.89686125345347,-27.72948417480137,0.05
GRB100250,1440494827.642255,Swift,SubGRBTargeted,1.1917174352318439e-05,236.41326621403547,28.1154533173918,0.05
GRB100251,1440485246.321167,Swift,SubGRBTargeted,1.9610859947012393e-07,222.32991793829459,42.74244731722079,0.05
GRB100252,1440484093.250977,Swift,SubGRBTargeted,5.882205729112901e-05,105.02599571892942,25.78836970624182,0.05
GRB100253,1440468994.547248,Swift,SubGRBTargeted,1.779777206446831e-05,258.69370224566717,-48.71006441183548,0.05
GRB100254,1440467878.519221,Swift,SubGRBTargeted,8.226350055469154e-05,278.26150768841023,-43.34121386674807,0.05
GRB100255,1440458800.110718,Swift,SubGRBTargeted,7.23064992655634e-05,247.66259220115217,26.288578181428278,0.05
GRB100256,1440455584.421875,Swift,SubGRBTargeted,4.188498165779127e-05,326.81078488116583,-11.122447585885695,0.05
GRB100257,1440405257.338379,Swift,SubGRBTargeted,7.395965717116612e-05,293.44391623987076,-26.67100908726305,0.05
GRB100258,1440404097.325738,Swift,SubGRBTargeted,9.744898980769842e-05,235.70195396908218,17.35789981898355,0.05
GRB100259,1440403903.774438,Swift,SubGRBTargeted,4.859863263391392e-05,347.3907948739046,27.4925732400519,0.05
GRB100260,1440399211.721726,Swift,SubGRBTargeted,9.49002937115729e-05,185.29007111082828,-13.695560483293479,0.05
GRB100261,1440398672.405273,Swift,SubGRBTargeted,7.44106615917009e-05,44.21046029489678,45.487530569996224,0.05
GRB100262,1440388703.510599,Swift,SubGRBTargeted,9.569281136517672e-05,310.61194017166207,42.91789890831122,0.05
GRB100263,1440387320.345703,Swift,SubGRBTargeted,9.005927978489734e-05,274.0722772216405,-4.578217404414253,0.05
GRB100264,1440384418.083008,Swift,SubGRBTargeted,1.0058148227566366e-05,258.27294607099,14.958610931100981,0.05
GRB100265,1440380983.433899,Swift,SubGRBTargeted,6.477537086944209e-05,63.70768654870406,30.219354919362008,0.05
GRB100266,1440375790.54636,Swift,SubGRBTargeted,1.5214304749795217e-05,60.23100151838672,1.2253822044525078,0.05
GRB100267,1440374421.266422,Swift,SubGRBTargeted,9.440240983567966e-05,106.5164645659639,10.445612678778492,0.05
GRB100268,1440372895.331885,Swift,SubGRBTargeted,6.227784372524467e-05,200.16753487643936,-1.0595516049904437,0.05
GRB100269,1440362622.295166,Swift,SubGRBTargeted,3.599376814248802e-05,205.99832119154777,12.899561731049676,0.05
GRB100270,1440343310.180664,Swift,SubGRBTargeted,6.178178960939973e-05,49.13439125256789,-72.60565705028662,0.05
GRB100271,1440325181.554619,Swift,SubGRBTargeted,7.656667248783442e-05,336.07158583985375,-42.723494779944254,0.05
GRB100272,1440323935.724119,Swift,SubGRBTargeted,6.161034375935147e-05,250.76530152245536,43.666329633977455,0.05
GRB100273,1440319668.259332,Swift,SubGRBTargeted,1.893249636488895e-05,348.7208169001858,-24.26655819701391,0.05
GRB100274,1440293612.471802,Swift,SubGRBTargeted,8.232407367459372e-05,273.36063355897477,-15.735439903678133,0.05
GRB100275,1440208276.637021,Swift,SubGRBTargeted,3.7108568437341595e-05,135.37975119400576,4.445323474511911,0.05
GRB100276,1440197218.518054,Swift,SubGRBTargeted,3.847830236875129e-05,359.1064512400732,49.64883659232713,0.05
GRB100277,1440184692.219817,Swift,SubGRBTargeted,6.607636197116036e-05,23.01364898271709,-53.444650968354615,0.05
GRB100278,1440121887.62207,Swift,SubGRBTargeted,6.120289716097705e-05,111.53303397269907,-63.246176747812214,0.05
GRB100279,1440113108.535206,Swift,SubGRBTargeted,8.667476503232742e-05,236.68295419773665,7.248861751277323,0.05
GRB100280,1440112462.702066,Swift,SubGRBTargeted,1.559311637844646e-05,78.3266463589153,42.226505496725636,0.05
GRB100281,1440089038.272705,Swift,SubGRBTargeted,8.825927903952168e-05,36.680697830485364,-6.09788105376901,0.05
GRB100282,1440087704.449146,Swift,SubGRBTargeted,6.743646532453332e-05,184.1992347268608,43.11360714649959,0.05
GRB100283,1440074830.289062,Swift,SubGRBTargeted,4.2436831297412524e-05,342.59444575358987,23.462372521755338,0.05
GRB100284,1440071488.759387,Swift,SubGRBTargeted,9.686349164545977e-05,228.54637234076176,68.36805499556944,0.05
GRB100285,1440058031.118652,Swift,SubGRBTargeted,4.422920202618439e-05,275.8786204612168,-36.04181914440456,0.05
GRB100286,1440026220.567381,Swift,SubGRBTargeted,6.321488837987488e-05,247.48253805005254,13.884224260097763,0.05
GRB100287,1439995868.796875,Swift,SubGRBTargeted,3.044954644734973e-05,0.28818567942700213,31.69237780169965,0.05
GRB100288,1439959781.825713,Swift,SubGRBTargeted,8.636033151648583e-05,266.1908077322482,-62.252192953597415,0.05
GRB100289,1439954920.394775,Swift,SubGRBTargeted,1.9909468386896446e-05,86.82074717071644,-22.61498576659593,0.05
GRB100290,1439946315.196289,Swift,SubGRBTargeted,5.589709459605668e-05,79.98984376110691,-39.89807923729188,0.05
GRB100291,1439943460.263916,Swift,SubGRBTargeted,7.225259420214654e-05,30.605214039278362,-59.336671808501166,0.05
GRB100292,1439942573.125488,Swift,SubGRBTargeted,1.6118253320230725e-05,60.475823322550674,42.64758136285083,0.05
GRB100293,1439906904.527975,Swift,SubGRBTargeted,6.747222846133795e-05,268.851832241215,1.68044743503133,0.05
GRB100294,1439812074.945312,Swift,SubGRBTargeted,2.0486203839431804e-05,292.3630784007414,-37.39555589321277,0.05
GRB100295,1439809455.074463,Swift,SubGRBTargeted,3.988655841546445e-05,20.363941951303666,-16.304796877510476,0.05
GRB100296,1439807685.200927,Swift,SubGRBTargeted,8.065776699524848e-05,217.72529209262268,70.82870080827855,0.05
GRB100297,1439796638.552246,Swift,SubGRBTargeted,4.078462656788267e-05,37.722705769562396,48.04915005440279,0.05
GRB100298,1439791737.270416,Swift,SubGRBTargeted,7.592492957212327e-06,179.0545551770812,9.320954613118596,0.05
GRB100299,1439773523.625,Swift,SubGRBTargeted,2.0196889834103938e-05,192.6304848337343,-24.82986070419881,0.05
GRB100300,1439751692.720215,Swift,SubGRBTargeted,8.41038673428242e-05,79.6103820298514,-2.3552497317409635,0.05
GRB100301,1439750243.523914,Swift,SubGRBTargeted,7.384286246834562e-05,122.22298883237892,-46.00719407166695,0.05
GRB100302,1439743135.816162,Swift,SubGRBTargeted,6.143663137990246e-05,62.80485609846041,2.1160781920738643,0.05
GRB100303,1439742922.061523,Swift,SubGRBTargeted,9.838218140705001e-05,329.643039842802,-58.02862723092342,0.05
GRB100304,1439724208.636526,Swift,SubGRBTargeted,3.5152604632542044e-05,148.45576226351648,25.07098489026928,0.05
GRB100305,1439705584.358398,Swift,SubGRBTargeted,4.9910356652291835e-05,290.9888445246385,44.5222313038412,0.05
GRB100306,1439695244.122957,Swift,SubGRBTargeted,1.8730677217236237e-05,281.16697063953745,33.647854771127705,0.05
GRB100307,1439596251.322021,Swift,SubGRBTargeted,7.777792436500382e-05,211.81065962133266,5.057299637898325,0.05
GRB100308,1439583587.988647,Swift,SubGRBTargeted,4.710501794912992e-05,251.77671897053605,-25.735719049472756,0.05
GRB100309,1439544940.181831,Swift,SubGRBTargeted,8.00929460623122e-05,144.40618520577698,74.90071789596253,0.05
GRB100310,1439544353.771016,Swift,SubGRBTargeted,1.379050936904569e-05,175.87692523430653,-11.182727299578202,0.05
GRB100311,1439540767.214233,Swift,SubGRBTargeted,4.8902841757816506e-05,246.59993357363598,-3.8955293605973336,0.05
GRB100312,1439539190.936035,Swift,SubGRBTargeted,6.558620998180716e-05,126.46712578698732,-34.81382580447999,0.05
GRB100313,1439539190.451754,Swift,SubGRBTargeted,5.133094607257397e-05,90.40405610246033,-9.75003104309977,0.05
GRB100314,1439531424.047363,Swift,SubGRBTargeted,8.083432648553162e-05,82.3493017938467,-42.94267604391702,0.05
GRB100315,1439525305.98877,Swift,SubGRBTargeted,6.944451406336334e-05,230.58490001390115,-63.963785805406246,0.05
GRB100316,1439516790.751953,Swift,SubGRBTargeted,8.327712662344999e-05,236.82836884892464,38.71828241632568,0.05
GRB100317,1439515226.029785,Swift,SubGRBTargeted,8.782318583191981e-05,218.67727265406134,-6.794204223738234,0.05
GRB100318,1439514152.598755,Swift,SubGRBTargeted,8.854375101206925e-06,102.74782642434705,-36.75548109246299,0.05
GRB100319,1439509617.020447,Swift,SubGRBTargeted,5.745976686447521e-05,246.76414812870047,18.30687610287651,0.05
GRB100320,1439490619.800957,Swift,SubGRBTargeted,1.173191166891685e-05,232.5690219536638,73.21287406148933,0.05
GRB100321,1439476785.89581,Swift,SubGRBTargeted,1.3994730477850272e-05,333.69129644467745,12.959844948983761,0.05
GRB100322,1439468324.706403,Swift,SubGRBTargeted,2.130183531226173e-05,84.4816899269065,7.761942230464538,0.05
GRB100323,1439425676.860499,Swift,SubGRBTargeted,6.234767482355342e-05,118.58603418992216,11.555871431146324,0.05
GRB100324,1439425573.419067,Swift,SubGRBTargeted,1.0323705662443939e-05,265.4268553115043,8.712563119563056,0.05
GRB100325,1439386874.116974,Swift,SubGRBTargeted,4.338981997500502e-06,13.15625997498016,-38.64806251108244,0.05
GRB100326,1439350603.29477,Swift,SubGRBTargeted,3.217508436226238e-05,86.44401990529666,-7.990547472382774,0.05
GRB100327,1439349676.74646,Swift,SubGRBTargeted,9.94772195781012e-05,10.947780079257562,18.801756789907895,0.05
GRB100328,1439331361.422223,Swift,SubGRBTargeted,7.429031117032248e-05,183.7738998312298,-6.289442836766732,0.05
GRB100329,1439325054.871582,Swift,SubGRBTargeted,6.040313715397348e-05,126.49092752795285,52.46027354088949,0.05
GRB100330,1439321852.101318,Swift,SubGRBTargeted,3.668132211989539e-05,320.2024235211429,72.47338564268094,0.05
GRB100331,1439320739.988784,Swift,SubGRBTargeted,9.258662179273181e-06,112.50621410912831,0.5611215334692571,0.05
GRB100332,1439308321.68865,Swift,SubGRBTargeted,9.773934434436449e-05,198.80920206319107,-30.51190929361189,0.05
GRB100333,1439266648.288354,Swift,SubGRBTargeted,2.131723723650828e-05,141.33605715930148,6.609045955415356,0.05
GRB100334,1439246313.08606,Swift,SubGRBTargeted,9.138955216036116e-05,68.89285424278832,-41.44007231800332,0.05
GRB100335,1439199931.63808,Swift,SubGRBTargeted,3.46916564732153e-05,288.15729223058946,-28.04192315258921,0.05
GRB100336,1439194975.166635,Swift,SubGRBTargeted,8.951679667374125e-05,329.46010567951265,22.106549167629712,0.05
GRB100337,1439192125.587158,Swift,SubGRBTargeted,5.060002641532463e-05,41.282983655256274,79.61292916993644,0.05
GRB100338,1439185131.808011,Swift,SubGRBTargeted,5.239651399988362e-05,249.72791506468755,-80.59508098391166,0.05
GRB100339,1439159493.002319,Swift,SubGRBTargeted,3.153856976067051e-05,79.12988318679677,-4.917377476514201,0.05
GRB100340,1439159463.021484,Swift,SubGRBTargeted,3.681465322541949e-05,57.951266140642915,-40.96409831227414,0.05
GRB100341,1439158266.072388,Swift,SubGRBTargeted,5.707856831042069e-05,88.62124027777924,11.236974086348953,0.05
GRB100342,1439151819.195516,Swift,SubGRBTargeted,9.858870173921398e-06,145.88210537701855,-34.03382840848419,0.05
GRB100343,1439102286.19393,Swift,SubGRBTargeted,7.74055958738718e-05,1.062923881405462,36.37371185308315,0.05
GRB100344,1439095594.088587,Swift,SubGRBTargeted,4.6197166678176115e-05,129.02267732793902,-13.969539218973265,0.05
GRB100345,1439095191.0888,Swift,SubGRBTargeted,8.830338862969492e-05,29.052524557558748,-40.25180365629673,0.05
GRB100346,1439064075.041489,Swift,SubGRBTargeted,7.740492962494172e-05,341.03998308386224,-37.98371653763816,0.05
GRB100347,1439007652.156494,Swift,SubGRBTargeted,5.460526299474349e-05,50.68776867497016,-18.77571648234136,0.05
GRB100348,1438990760.814575,Swift,SubGRBTargeted,8.742762667946944e-05,28.935949548083553,-47.20832216202941,0.05
GRB100349,1438865348.213867,Swift,SubGRBTargeted,5.4160163298423906e-05,158.6111063447349,-18.97030358312736,0.05
GRB100350,1438862909.470947,Swift,SubGRBTargeted,6.22010648455539e-05,65.19831451557185,4.965442926884925,0.05
GRB100351,1438852214.634981,Swift,SubGRBTargeted,8.101326551664826e-05,210.65872258030564,64.79979305622369,0.05
GRB100352,1438847389.174316,Swift,SubGRBTargeted,4.139725635399134e-05,153.4451626876922,26.7077086977128,0.05
GRB100353,1438831562.63623,Swift,SubGRBTargeted,5.205759644082716e-05,250.50406288231062,-29.282919007210236,0.05
GRB100354,1438829036.279737,Swift,SubGRBTargeted,5.602260632621327e-05,95.28414635837942,-37.43080199537241,0.05
GRB100355,1438781657.996094,Swift,SubGRBTargeted,9.056939979516597e-05,21.344037292207943,5.700655812792569,0.05
GRB100356,1438769520.621094,Swift,SubGRBTargeted,4.0368200888979134e-05,1.899874838286344,-8.071795652065228,0.05
GRB100357,1438764458.205223,Swift,SubGRBTargeted,1.696548480834872e-05,170.83484645073773,15.691768889825896,0.05
GRB100358,1438684833.209791,Swift,SubGRBTargeted,6.088226036682894e-05,221.0648680539575,1.102693596892769,0.05
GRB100359,1438683206.53125,Swift,SubGRBTargeted,5.9609774937186445e-06,15.990441884928327,-31.430007496673117,0.05
GRB100360,1438681025.271558,Swift,SubGRBTargeted,1.774332255951352e-05,6.72820055681183,-52.522485246036844,0.05
GRB100361,1438680079.535034,Swift,SubGRBTargeted,2.1317262541142415e-06,94.28043048942936,-35.13498291087923,0.05
GRB100362,1438668181.934982,Swift,SubGRBTargeted,7.596847809298667e-05,202.3499985084048,-55.33472104933567,0.05
GRB100363,1438653417.540041,Swift,SubGRBTargeted,3.73971399725636e-05,163.28975321022378,2.5992198609738852,0.05
GRB100364,1438650381.112313,Swift,SubGRBTargeted,3.753016117506432e-05,286.9179144745293,-10.281569321639827,0.05
GRB100365,1438647266.807983,Swift,SubGRBTargeted,4.636458597885146e-05,149.067950365479,-19.598955895331937,0.05
GRB100366,1438574637.557654,Swift,SubGRBTargeted,3.065246557509002e-05,121.71894016091947,3.6945504951388766,0.05
GRB100367,1438567073.689453,Swift,SubGRBTargeted,5.9194069077589456e-05,357.9819027164623,-2.9146608154034017,0.05
GRB100368,1438559008.006348,Swift,SubGRBTargeted,1.1553284627173489e-05,293.37112967981443,32.672167644426594,0.05
GRB100369,1438548930.27793,Swift,SubGRBTargeted,3.950980908150603e-08,148.39341869176718,3.446822764085401,0.05
GRB100370,1438548526.197632,Swift,SubGRBTargeted,7.709801199576723e-05,50.3669232837952,-82.51023929598468,0.05
GRB100371,1438546843.063477,Swift,SubGRBTargeted,6.078062337686013e-05,319.8517013893664,29.284883275160244,0.05
GRB100372,1438538378.114014,Swift,SubGRBTargeted,5.488826589414274e-05,87.34853384444347,-15.701369445748101,0.05
GRB100373,1438501731.929199,Swift,SubGRBTargeted,7.411710706459425e-05,54.98763929985841,-59.311007281974135,0.05
GRB100374,1438499469.666992,Swift,SubGRBTargeted,2.504055370014524e-06,334.710509447184,21.486719539957182,0.05
GRB100375,1438492900.475586,Swift,SubGRBTargeted,6.52121031723953e-05,61.118321955049495,-10.30574401022514,0.05
GRB100376,1438489952.971313,Swift,SubGRBTargeted,2.0376984229524754e-05,64.60039283872393,53.5007670216815,0.05
GRB100377,1438471976.944458,Swift,SubGRBTargeted,7.073314046438444e-05,8.028660740779326,46.48264263712761,0.05
GRB100378,1438466400.338379,Swift,SubGRBTargeted,1.2627111339133968e-06,297.2324356610437,-4.475351801862479,0.05
GRB100379,1438436968.935683,Swift,SubGRBTargeted,6.620352243412853e-05,272.474199515384,-44.96995970094213,0.05
GRB100380,1438428826.016721,Swift,SubGRBTargeted,3.0564672184290044e-07,288.6103975330584,-7.5396748724765645,0.05
GRB100381,1438421169.943832,Swift,SubGRBTargeted,1.2352968339743542e-05,228.03069969015453,15.367601097752399,0.05
GRB100382,1438421135.423096,Swift,SubGRBTargeted,1.733571203049985e-05,112.09394684926521,-39.989758929990536,0.05
GRB100383,1438417718.29248,Swift,SubGRBTargeted,5.3664786297473455e-05,132.11513589347888,67.65884879308872,0.05
GRB100384,1438397144.864258,Swift,SubGRBTargeted,5.528197711637254e-05,276.2859513378759,26.44734534351456,0.05
GRB100385,1438304151.444824,Swift,SubGRBTargeted,2.3472837658388025e-05,120.88493379891388,8.19682998755214,0.05
GRB100386,1438275433.911585,Swift,SubGRBTargeted,1.1042283370200657e-05,58.382882084309216,9.009600872994541,0.05
GRB100387,1438273577.248535,Swift,SubGRBTargeted,4.650496099895397e-05,125.13498533974695,-34.21684324415521,0.05
GRB100388,1438265168.419798,Swift,SubGRBTargeted,6.302738973103047e-05,125.36640644702159,-26.718731020569194,0.05
GRB100389,1438232128.41528,Swift,SubGRBTargeted,2.0663382433963653e-05,129.5623520571652,-27.43335520830308,0.05
GRB100390,1438227120.073742,Swift,SubGRBTargeted,8.322256007155705e-06,298.65451870742174,22.715820210267204,0.05
GRB100391,1438214045.084448,Swift,SubGRBTargeted,4.6234413360077576e-05,201.39159329001907,11.239883106296203,0.05
GRB100392,1438209597.419518,Swift,SubGRBTargeted,9.127013176379978e-05,162.90697264737102,10.697293072406774,0.05
GRB100393,1438203078.693848,Swift,SubGRBTargeted,3.528883387045583e-05,260.38553466704946,23.334907313314517,0.05
GRB100394,1438192599.760254,Swift,SubGRBTargeted,6.700967370940544e-05,295.3621035995831,23.61631186467122,0.05
GRB100395,1438165349.660977,Swift,SubGRBTargeted,7.879215720078687e-05,162.9780417582948,27.576605099493644,0.05
GRB100396,1438157265.484619,Swift,SubGRBTargeted,9.772550978286364e-05,68.1048725253821,-10.787112939791335,0.05
GRB100397,1438153013.598212,Swift,SubGRBTargeted,4.76492254866302e-05,150.53525800260718,68.61888691886104,0.05
GRB100398,1438149724.57959,Swift,SubGRBTargeted,2.1928939082922638e-05,53.75315384621776,-36.725428585005766,0.05
GRB100399,1438149156.628418,Swift,SubGRBTargeted,3.8646904530211856e-05,318.7130798234332,31.31972769906216,0.05
GRB100400,1438127115.737793,Swift,SubGRBTargeted,2.461729784044836e-05,188.22226051364447,41.4775895714686,0.05
GRB100401,1438103674.329834,Swift,SubGRBTargeted,5.824149507888953e-05,105.42095834336453,59.73254666144641,0.05
GRB100402,1438100868.448486,Swift,SubGRBTargeted,3.083420286440805e-05,242.52601639438828,-32.571223385237204,0.05
GRB100403,1438068639.715308,Swift,SubGRBTargeted,7.505856033764483e-05,44.88217389503556,-43.7926548270066,0.05
GRB100404,1438047514.895874,Swift,SubGRBTargeted,4.5229302416898134e-05,336.7561673186698,22.96352371397563,0.05
GRB100405,1438047292.048965,Swift,SubGRBTargeted,4.103333993047519e-05,33.02513148772715,80.67104217267108,0.05
GRB100406,1438044237.083984,Swift,SubGRBTargeted,8.124144970143191e-05,354.46491366200456,27.315396268917354,0.05
GRB100407,1438044069.054443,Swift,SubGRBTargeted,2.9914602453096517e-06,1.328347218156214,-17.262466998402445,0.05
GRB100408,1438005748.158203,Swift,SubGRBTargeted,5.541088128659734e-05,335.3858468514942,-15.045260657690685,0.05
GRB100409,1437921046.02002,Swift,SubGRBTargeted,1.9118469422858277e-05,139.1998585331946,11.456258206948403,0.05
GRB100410,1437917453.539505,Swift,SubGRBTargeted,4.1449156211222284e-05,108.43368285231986,26.327347627760503,0.05
GRB100411,1437830596.362305,Swift,SubGRBTargeted,3.96272589446383e-05,0.49965198659750243,-2.1462245449253157,0.05
GRB100412,1437826046.273029,Swift,SubGRBTargeted,2.2242051394020968e-05,143.74921395465844,33.85505755678342,0.05
GRB100413,1437823907.913818,Swift,SubGRBTargeted,1.1182368163215962e-05,116.5461914401957,51.44139858917853,0.05
GRB100414,1437823151.737183,Swift,SubGRBTargeted,3.1658600059426445e-05,166.40623111756852,16.99066055542755,0.05
GRB100415,1437812882.179421,Swift,SubGRBTargeted,2.1588017548826145e-05,130.08392783483052,3.2059434518169025,0.05
GRB100416,1437804366.597168,Swift,SubGRBTargeted,3.995192597625109e-05,147.65620956115328,-60.26884159406681,0.05
GRB100417,1437747986.887144,Swift,SubGRBTargeted,5.425572731972111e-05,24.503836299447745,24.226401656088765,0.05
GRB100418,1437744747.827148,Swift,SubGRBTargeted,4.764088660265724e-05,65.83221983820295,-16.151360238557263,0.05
GRB100419,1437741424.114251,Swift,SubGRBTargeted,6.875783816922801e-05,253.6053041464689,-20.83573024877346,0.05
GRB100420,1437732000.360352,Swift,SubGRBTargeted,4.21227382130131e-05,30.362094035746296,1.3662107217571386,0.05
GRB100421,1437728088.189419,Swift,SubGRBTargeted,7.072948710648666e-05,54.09779885885463,37.17682874447677,0.05
GRB100422,1437722682.926758,Swift,SubGRBTargeted,7.59262334539759e-05,216.2644465397219,24.463945814430385,0.05
GRB100423,1437717928.056964,Swift,SubGRBTargeted,5.429540890568573e-05,112.56703059429202,26.070403102584923,0.05
GRB100424,1437714816.590605,Swift,SubGRBTargeted,9.650841306512363e-05,96.3169032890112,-1.5307689400659996,0.05
GRB100425,1437712864.55811,Swift,SubGRBTargeted,5.779306159193719e-05,71.2807311212614,36.95531994716165,0.05
GRB100426,1437703540.266602,Swift,SubGRBTargeted,8.550373322001424e-05,39.45098082165143,-23.992511465739387,0.05
GRB100427,1437698594.400879,Swift,SubGRBTargeted,7.511781360954029e-06,225.70344237030423,-15.438783750008133,0.05
GRB100428,1437692466.069594,Swift,SubGRBTargeted,6.37551491269361e-05,251.38158357711015,-54.578359310617174,0.05
GRB100429,1437689086.500802,Swift,SubGRBTargeted,7.245029232234291e-05,226.07467111043215,-58.06449303955444,0.05
GRB100430,1437686741.901875,Swift,SubGRBTargeted,8.958597600958393e-05,63.436268934439994,-3.956033013706795,0.05
GRB100431,1437675133.713867,Swift,SubGRBTargeted,9.466384582591975e-05,2.0707527936642967,-59.348813821111435,0.05
GRB100432,1437674140.022852,Swift,SubGRBTargeted,1.6867262438011223e-05,120.01949549113782,-52.0164822604925,0.05
GRB100433,1437654058.66442,Swift,SubGRBTargeted,8.159609498610388e-06,344.3482418546971,2.1200707509566517,0.05
GRB100434,1437653494.825939,Swift,SubGRBTargeted,9.035539928865344e-05,347.9523781689136,-41.586065079131124,0.05
GRB100435,1437644321.732422,Swift,SubGRBTargeted,8.594644750244208e-05,310.1806163583694,-24.207662137336875,0.05
GRB100436,1437629294.382286,Swift,SubGRBTargeted,8.993071304533042e-05,318.9100289851733,-44.346971345566395,0.05
GRB100437,1437614324.745582,Swift,SubGRBTargeted,6.883202206087756e-05,155.92951253011262,49.78926723625122,0.05
GRB100438,1437574573.791737,Swift,SubGRBTargeted,2.8872708295625917e-05,192.40051468718622,-18.662575329221795,0.05
GRB100439,1437571561.92041,Swift,SubGRBTargeted,7.161654556988063e-05,319.00618958034283,-38.264243930434866,0.05
GRB100440,1437551567.66689,Swift,SubGRBTargeted,2.0615309147059103e-05,357.2580872689152,-58.73195031301123,0.05
GRB100441,1437511274.166992,Swift,SubGRBTargeted,2.3452997285932088e-07,148.23268603890148,-12.01453326836827,0.05
GRB100442,1437502041.695557,Swift,SubGRBTargeted,2.310259111364589e-05,348.37704995124136,-6.250806435592014,0.05
GRB100443,1437499613.827393,Swift,SubGRBTargeted,4.770509453313623e-05,0.14540482664863408,-21.790124135058687,0.05
GRB100444,1437492508.738281,Swift,SubGRBTargeted,3.7027626683774796e-05,242.00867479999803,-9.98885613725753,0.05
GRB100445,1437371325.567216,Swift,SubGRBTargeted,9.506326665013731e-05,284.3226973607338,-71.75497617517813,0.05
GRB100446,1437361090.668945,Swift,SubGRBTargeted,4.434522906132622e-05,152.18347886887213,52.838501890463824,0.05
GRB100447,1437359201.248548,Swift,SubGRBTargeted,2.633283410416787e-06,204.9679517347496,0.556323292710507,0.05
GRB100448,1437358461.082795,Swift,SubGRBTargeted,7.158458491793131e-05,266.8891660963847,-4.4433941263599355,0.05
GRB100449,1437333513.785156,Swift,SubGRBTargeted,9.730506104200604e-05,53.38631155380789,-2.5992547232663163,0.05
GRB100450,1437301971.986816,Swift,SubGRBTargeted,7.568499217077343e-05,210.69148344056322,-8.881990331233084,0.05
GRB100451,1437294743.318073,Swift,SubGRBTargeted,1.6020276078994954e-05,303.0209156951731,-50.03018706284484,0.05
GRB100452,1437293718.426758,Swift,SubGRBTargeted,3.859806504936945e-05,250.27490471043782,50.37948742987602,0.05
GRB100453,1437293311.424316,Swift,SubGRBTargeted,8.8175209873938e-05,261.3115995274885,51.63808150421677,0.05
GRB100454,1437221037.634399,Swift,SubGRBTargeted,9.230067079638291e-05,140.03222093920832,-30.34707573311104,0.05
GRB100455,1437198457.304688,Swift,SubGRBTargeted,8.120824119097318e-05,80.94722503651899,-12.86060545823607,0.05
GRB100456,1437104329.380254,Swift,SubGRBTargeted,3.851523178456333e-05,38.571898023173276,32.4098680364396,0.05
GRB100457,1437103968.211176,Swift,SubGRBTargeted,7.664467551002572e-05,118.3369066160662,13.29983075071923,0.05
GRB100458,1437101831.776611,Swift,SubGRBTargeted,4.786843182507755e-05,50.330239257655876,-36.76800244268098,0.05
GRB100459,1437085734.37794,Swift,SubGRBTargeted,5.187592426882839e-05,291.7398885505532,-36.032762690554456,0.05
GRB100460,1437083488.351074,Swift,SubGRBTargeted,2.915017158820639e-05,318.42971257231505,69.94226483230285,0.05
GRB100461,1437053524.146765,Swift,SubGRBTargeted,5.2361800399020834e-05,267.665280020654,39.51811763457803,0.05
GRB100462,1437012928.464454,Swift,SubGRBTargeted,5.2278953320243076e-05,79.74456028009756,-11.360268480159878,0.05
GRB100463,1436961633.293935,Swift,SubGRBTargeted,8.391894085441704e-05,110.10495180481261,-61.56130792371772,0.05
GRB100464,1436954455.680176,Swift,SubGRBTargeted,7.409476878564838e-05,135.56506069172227,7.650022431154949,0.05
GRB100465,1436947264.16832,Swift,SubGRBTargeted,2.0311212497106926e-05,162.73206054955824,1.836202592015351,0.05
GRB100466,1436916023.282921,Swift,SubGRBTargeted,3.90494153048389e-05,231.5387520313186,-85.84944125430077,0.05
GRB100467,1436912925.089844,Swift,SubGRBTargeted,1.4856947291485635e-05,187.15504759763107,-13.59513488509415,0.05
GRB100468,1436910857.288574,Swift,SubGRBTargeted,4.7942245720055424e-05,352.3110939243679,16.670704998702004,0.05
GRB100469,1436906939.959064,Swift,SubGRBTargeted,6.299530014967863e-05,73.28974306173825,35.44256604236322,0.05
GRB100470,1436903228.027832,Swift,SubGRBTargeted,8.770770717480918e-05,311.27342745194295,33.76892071027997,0.05
GRB100471,1436894234.145996,Swift,SubGRBTargeted,7.344197064233503e-05,188.1091622777117,-61.337732277608495,0.05
GRB100472,1436892508.573808,Swift,SubGRBTargeted,1.7657134617708217e-05,126.42028825777608,67.10287575492393,0.05
GRB100473,1436886833.329116,Swift,SubGRBTargeted,4.658703644826777e-05,249.0022655368255,13.601059742593279,0.05
GRB100474,1436880569.184331,Swift,SubGRBTargeted,1.5820288070478663e-05,167.23716178533033,72.95663046142018,0.05
GRB100475,1436865355.138794,Swift,SubGRBTargeted,5.074941302691997e-05,100.07554471991203,82.41676081549608,0.05
GRB100476,1436863153.40332,Swift,SubGRBTargeted,7.672330832143962e-05,259.42011361653704,-38.875815466030154,0.05
GRB100477,1436854138.598753,Swift,SubGRBTargeted,3.183190562901466e-05,336.6486521429996,-12.521665828756909,0.05
GRB100478,1436837718.770264,Swift,SubGRBTargeted,3.8811959644817744e-05,300.9835065146557,35.69585713052105,0.05
GRB100479,1436835973.546297,Swift,SubGRBTargeted,4.0025931826188134e-05,80.19890428409886,11.330830359713072,0.05
GRB100480,1436786939.386719,Swift,SubGRBTargeted,5.499730887831854e-05,206.6694180801336,27.70147087686114,0.05
GRB100481,1436778084.026245,Swift,SubGRBTargeted,3.293484044646252e-05,127.66231508031645,-43.49917999677194,0.05
