superevent_id,preferred_event,t_0,pipeline,search,group,far,skymap
S251018bu,G611276,1444839475.627948,gstlal,AllSky,CBC,1.872456337045252e-05,./skymaps/G611276_skymap.fits
S251018bi,G611252,1444836365.020996,pycbc,AllSky,CBC,3.167545842243851e-10,./skymaps/G611252_skymap.fits
S251018bf,G611238,1444835474.177734,spiir,AllSky,CBC,1.531631460238714e-05,./skymaps/G611238_skymap.fits
S251018au,G611207,1444825446.273024,MBTA,AllSky,CBC,4.815786e-06,./skymaps/G611207_skymap.fits
S251017di,G611064,1444770508.105494,gstlal,EarlyWarning,CBC,7.041725023589097e-08,./skymaps/G611064_skymap.fits
S251017db,G611035,1444756079.882981,gstlal,AllSky,CBC,2.150517573994838e-05,./skymaps/G611035_skymap.fits
S251017cz,G611028,1444753870.97998,spiir,AllSky,CBC,1.944743235071655e-05,./skymaps/G611028_skymap.fits
S251017bw,G610962,1444738152.228027,spiir,AllSky,CBC,1.764460648701061e-05,./skymaps/G610962_skymap.fits
S251017at,G610889,1444717849.258545,gstlal,AllSky,CBC,3.766004715607033e-06,./skymaps/G610889_skymap.fits
S251017an,G610865,1444713782.799021,gstlal,AllSky,CBC,1.416516753527403e-05,./skymaps/G610865_skymap.fits
S251017ab,G610829,1444703126.643555,gstlal,AllSky,CBC,1.321800768447603e-05,./skymaps/G610829_skymap.fits
S251017y,G610820,1444702587.056282,gstlal,AllSky,CBC,9.895203447412338e-06,./skymaps/G610820_skymap.fits
S251017p,G610802,1444700602.515716,MBTA,AllSky,CBC,1.578444e-05,./skymaps/G610802_skymap.fits
S251016bg,G610689,1444654814.280363,MBTA,AllSky,CBC,1.899842e-05,./skymaps/G610689_skymap.fits
S251016be,G610685,1444654523.392944,gstlal,AllSky,CBC,2.436164253828867e-07,./skymaps/G610685_skymap.fits
S251016bd,G610675,1444653956.223389,gstlal,AllSky,CBC,1.688984555316343e-05,./skymaps/G610675_skymap.fits
S251015et,G610500,1444602559.240823,MBTA,AllSky,CBC,9.978585e-06,./skymaps/G610500_skymap.fits
S251015ea,G610455,1444592671.181519,gstlal,AllSky,CBC,1.086096480035991e-05,./skymaps/G610455_skymap.fits
S251014dc,G610118,1444505449.269757,MBTA,AllSky,CBC,1.950233e-05,./skymaps/G610118_skymap.fits
S251014cn,G610068,1444476821.373047,pycbc,AllSky,CBC,3.167545842243851e-10,./skymaps/G610068_skymap.fits
S251014ck,G610050,1444476006.475821,gstlal,AllSky,CBC,1.151498880070938e-05,./skymaps/G610050_skymap.fits
S251014cd,G610029,1444472581.102118,gstlal,AllSky,CBC,6.315951878163125e-06,./skymaps/G610029_skymap.fits
S251014bf,G609977,1444460606.384693,gstlal,AllSky,CBC,9.420035159277772e-06,./skymaps/G609977_skymap.fits
S251014g,G609860,1444437628.265635,MBTA,AllSky,CBC,6.839313e-06,./skymaps/G609860_skymap.fits
S251013cg,G609742,1444397760.381342,gstlal,AllSky,CBC,2.049448655701845e-05,./skymaps/G609742_skymap.fits
S251013x,G609599,1444358672.280518,gstlal,AllSky,CBC,1.484145413923102e-08,./skymaps/G609599_skymap.fits
S251013w,G609586,1444358257.347778,gstlal,AllSky,CBC,1.931682902052894e-05,./skymaps/G609586_skymap.fits
S251013q,G609567,1444354999.437661,MBTA,AllSky,CBC,1.436615e-05,./skymaps/G609567_skymap.fits
S251012cw,G609445,1444325455.214544,MBTA,AllSky,CBC,1.214889e-05,./skymaps/G609445_skymap.fits
S251012bx,G609366,1444302231.477655,gstlal,AllSky,CBC,1.144611787803469e-05,./skymaps/G609366_skymap.fits
S251012bn,G609339,1444291686.417969,pycbc,AllSky,CBC,1.06008256702375e-05,./skymaps/G609339_skymap.fits
S251011cy,G609136,1444253814.329672,MBTA,AllSky,CBC,9.908909e-06,./skymaps/G609136_skymap.fits
S251011bw,G609053,1444222318.936523,gstlal,AllSky,CBC,7.287598699759331e-06,./skymaps/G609053_skymap.fits
S251011ax,G608979,1444211174.196517,MBTA,AllSky,CBC,1.984076e-06,./skymaps/G608979_skymap.fits
S251011av,G608959,1444204823.509818,MBTA,AllSky,CBC,2.246916e-05,./skymaps/G608959_skymap.fits
S251011x,G608898,1444193984.600952,gstlal,AllSky,CBC,2.167230098146735e-05,./skymaps/G608898_skymap.fits
S251011m,G608870,1444189060.595581,gstlal,AllSky,CBC,7.7865796166969e-06,./skymaps/G608870_skymap.fits
S251011e,G608852,1444184449.748047,pycbc,AllSky,CBC,3.897981913465283e-06,./skymaps/G608852_skymap.fits
S251010bs,G608822,1444164097.76626,MBTA,AllSky,CBC,3.699084e-06,./skymaps/G608822_skymap.fits
S251010bp,G608809,1444162576.955078,aframe,AllSky,CBC,5.503225000709696e-06,./skymaps/G608809_skymap.fits
S251010al,G608718,1444144591.010417,MBTA,AllSky,CBC,7.772784e-06,./skymaps/G608718_skymap.fits
S251009dt,G608600,1444088876.076172,gstlal,AllSky,CBC,1.671358683890543e-05,./skymaps/G608600_skymap.fits
S251009ds,G608593,1444088601.962456,MBTA,AllSky,CBC,3.730667e-06,./skymaps/G608593_skymap.fits
S251009db,G608574,1444083977.95813,gstlal,AllSky,CBC,1.399579707487723e-05,./skymaps/G608574_skymap.fits
S251009bn,G608454,1444035189.504883,spiir,AllSky,CBC,2.123434023815207e-05,./skymaps/G608454_skymap.fits
S251009u,G608356,1444010938.497559,pycbc,AllSky,CBC,7.893524238871676e-07,./skymaps/G608356_skymap.fits
S251009b,G608288,1444003638.068359,pycbc,AllSky,CBC,1.573383370759366e-05,./skymaps/G608288_skymap.fits
S251008ew,G608246,1443990943.183362,MBTA,AllSky,CBC,1.742044e-05,./skymaps/G608246_skymap.fits
S251008do,G608154,1443970372.923032,gstlal,AllSky,CBC,2.323634499306302e-06,./skymaps/G608154_skymap.fits
S251008dm,G608150,1443969865.241699,pycbc,AllSky,CBC,1.409399522506401e-05,./skymaps/G608150_skymap.fits
S251008ca,G608061,1443943819.901489,gstlal,AllSky,CBC,1.47668373900079e-05,./skymaps/G608061_skymap.fits
S251008bo,G608022,1443940089.788086,gstlal,AllSky,CBC,8.81333722549509e-06,./skymaps/G608022_skymap.fits
S251008bm,G608010,1443939437.990011,MBTA,AllSky,CBC,2.127286e-05,./skymaps/G608010_skymap.fits
S251008u,G607914,1443925295.756555,gstlal,AllSky,CBC,9.808706633707225e-06,./skymaps/G607914_skymap.fits
S251008s,G607909,1443924883.680664,gstlal,AllSky,CBC,1.399432226479419e-05,./skymaps/G607909_skymap.fits
S251008n,G607896,1443923868.537099,gstlal,AllSky,CBC,1.084523461724084e-05,./skymaps/G607896_skymap.fits
S251007bx,G607791,1443866038.605469,aframe,AllSky,CBC,1.2501394496998737e-05,./skymaps/G607791_skymap.fits
S251007bo,G607766,1443862166.493157,MBTA,AllSky,CBC,4.197122e-06,./skymaps/G607766_skymap.fits
S251007bk,G607748,1443857434.737929,MBTA,AllSky,CBC,1.068257e-06,./skymaps/G607748_skymap.fits
S251007t,G607648,1443840467.739746,spiir,AllSky,CBC,2.014437450270634e-05,./skymaps/G607648_skymap.fits
S251006dd,G607593,1443829055.978568,MBTA,AllSky,CBC,5.41588e-16,./skymaps/G607593_skymap.fits
S251006by,G607495,1443798601.432719,MBTA,AllSky,CBC,1.047259e-05,./skymaps/G607495_skymap.fits
S251006bk,G607466,1443789523.21875,aframe,AllSky,CBC,1.5036807745935939e-05,./skymaps/G607466_skymap.fits
S251006bc,G607445,1443783131.912694,gstlal,AllSky,CBC,1.10818784586526e-05,./skymaps/G607445_skymap.fits
S251006aw,G607427,1443776064.202621,MBTA,AllSky,CBC,5.796965e-06,./skymaps/G607427_skymap.fits
S251006ar,G607414,1443772529.657715,pycbc,AllSky,CBC,1.433441195449032e-05,./skymaps/G607414_skymap.fits
S251006ad,G607385,1443764711.393555,pycbc,AllSky,CBC,1.946393569142002e-05,./skymaps/G607385_skymap.fits
S251006t,G607358,1443756576.53876,gstlal,AllSky,CBC,7.849216093790508e-06,./skymaps/G607358_skymap.fits
S251006p,G607341,1443755101.400849,MBTA,AllSky,CBC,6.907727e-06,./skymaps/G607341_skymap.fits
S251005df,G607288,1443742175.598022,gstlal,AllSky,CBC,1.77351413208148e-05,./skymaps/G607288_skymap.fits
S251005dc,G607273,1443739625.537598,pycbc,AllSky,CBC,1.807845114002255e-05,./skymaps/G607273_skymap.fits
S251005db,G607272,1443738949.237793,pycbc,AllSky,CBC,1.875567244109429e-05,./skymaps/G607272_skymap.fits
S251005w,G607057,1443675580.303223,gstlal,AllSky,CBC,5.751402290523841e-06,./skymaps/G607057_skymap.fits
S251005t,G607048,1443674914.781372,gstlal,AllSky,CBC,2.070509374701125e-06,./skymaps/G607048_skymap.fits
S251004cf,G606985,1443651346.594031,gstlal,AllSky,CBC,2.288341398180999e-05,./skymaps/G606985_skymap.fits
S251004bh,G606896,1443620905.765625,aframe,AllSky,CBC,6.335852314703255e-06,./skymaps/G606896_skymap.fits
S251004e,G606754,1443574617.680664,gstlal,AllSky,CBC,1.940143192548474e-05,./skymaps/G606754_skymap.fits
S251003at,G606654,1443533032.5988,pycbc,EarlyWarning,CBC,8.17502863042367e-08,./skymaps/G606654_skymap.fits
S251003as,G606652,1443532915.897334,gstlal,AllSky,CBC,2.255062495886459e-05,./skymaps/G606652_skymap.fits
S251003y,G606610,1443515759.416016,pycbc,AllSky,CBC,2.176040642704681e-05,./skymaps/G606610_skymap.fits
S251003r,G606595,1443509552.020996,gstlal,AllSky,CBC,1.788136925686881e-05,./skymaps/G606595_skymap.fits
S251002ci,G606518,1443480013.707153,gstlal,AllSky,CBC,8.317224606138128e-06,./skymaps/G606518_skymap.fits
S251002ay,G606395,1443422297.629006,MBTA,AllSky,CBC,2.152997e-05,./skymaps/G606395_skymap.fits
S251002j,G606274,1443403362.107178,gstlal,AllSky,CBC,2.067389373957251e-05,./skymaps/G606274_skymap.fits
S251002h,G606265,1443401969.758425,MBTA,AllSky,CBC,2.134174e-05,./skymaps/G606265_skymap.fits
S251002e,G606261,1443401061.362793,spiir,AllSky,CBC,6.76694526191568e-07,./skymaps/G606261_skymap.fits
S251001ck,G606178,1443381478.099487,gstlal,AllSky,CBC,2.193216793210392e-05,./skymaps/G606178_skymap.fits
S251001bt,G606127,1443370986.776855,pycbc,AllSky,CBC,3.067134639044721e-06,./skymaps/G606127_skymap.fits
S251001bk,G606096,1443365772.944535,gstlal,AllSky,CBC,4.288987561818946e-06,./skymaps/G606096_skymap.fits
S251001bf,G606084,1443362562.083984,aframe,AllSky,CBC,1.6917788541639568e-05,./skymaps/G606084_skymap.fits
S251001bd,G606081,1443362383.311224,gstlal,AllSky,CBC,4.900310459169601e-06,./skymaps/G606081_skymap.fits
S251001au,G606064,1443356435.630127,gstlal,AllSky,CBC,2.178435262834097e-05,./skymaps/G606064_skymap.fits
S251001u,G606000,1443336288.470581,gstlal,AllSky,CBC,2.159982301504783e-05,./skymaps/G606000_skymap.fits
S251001b,G605934,1443312555.236328,aframe,AllSky,CBC,9.121684536106703e-06,./skymaps/G605934_skymap.fits
S250930cl,G605879,1443302403.392578,pycbc,AllSky,CBC,1.051783596917071e-05,./skymaps/G605879_skymap.fits
S250930cg,G605860,1443300323.000727,MBTA,AllSky,CBC,3.644801e-06,./skymaps/G605860_skymap.fits
S250930o,G605654,1443230596.173396,MBTA,AllSky,CBC,1.992047e-05,./skymaps/G605654_skymap.fits
S250929ch,G605614,1443223176.068178,MBTA,AllSky,CBC,2.205663e-05,./skymaps/G605614_skymap.fits
S250929cb,G605598,1443220190.219238,pycbc,AllSky,CBC,8.695863600712044e-06,./skymaps/G605598_skymap.fits
S250929bs,G605583,1443214317.884521,gstlal,AllSky,CBC,2.186624392928666e-05,./skymaps/G605583_skymap.fits
S250929ah,G605467,1443184691.028098,MBTA,AllSky,CBC,1.157348e-05,./skymaps/G605467_skymap.fits
S250929ac,G605444,1443173068.560553,gstlal,AllSky,CBC,1.508462474118922e-05,./skymaps/G605444_skymap.fits
S250929u,G605389,1443149385.962822,gstlal,AllSky,CBC,1.786684457623789e-05,./skymaps/G605389_skymap.fits
S250929s,G605378,1443148886.706037,MBTA,AllSky,CBC,5.697661e-06,./skymaps/G605378_skymap.fits
S250929c,G605340,1443140870.375109,gstlal,AllSky,CBC,2.528240633579705e-08,./skymaps/G605340_skymap.fits
S250928fr,G605330,1443133228.585938,pycbc,AllSky,CBC,1.560459783723011e-05,./skymaps/G605330_skymap.fits
S250928fc,G605285,1443124992.42942,MBTA,AllSky,CBC,1.885068e-05,./skymaps/G605285_skymap.fits
S250928fb,G605284,1443124982.850586,pycbc,AllSky,CBC,8.027194673414366e-06,./skymaps/G605284_skymap.fits
S250928ex,G605271,1443124231.361258,MBTA,AllSky,CBC,3.345222e-06,./skymaps/G605271_skymap.fits
S250928dt,G605206,1443114022.30326,gstlal,AllSky,CBC,2.274279108472769e-05,./skymaps/G605206_skymap.fits
S250928bu,G605086,1443083880.642578,gstlal,AllSky,CBC,1.536553927369434e-05,./skymaps/G605086_skymap.fits
S250928bi,G605060,1443080606.928591,MBTA,AllSky,CBC,1.481751e-05,./skymaps/G605060_skymap.fits
S250928be,G605052,1443078865.612335,gstlal,AllSky,CBC,7.119062118544767e-06,./skymaps/G605052_skymap.fits
S250928m,G604945,1443059884.506778,MBTA,AllSky,CBC,1.837667e-05,./skymaps/G604945_skymap.fits
S250927cy,G604854,1443029459.677979,gstlal,AllSky,CBC,5.313349233749549e-08,./skymaps/G604854_skymap.fits
S250927cu,G604839,1443028003.467534,MBTA,AllSky,CBC,1.806747e-05,./skymaps/G604839_skymap.fits
S250927cn,G604818,1443024926.840113,MBTA,AllSky,CBC,1.356254e-05,./skymaps/G604818_skymap.fits
S250927ck,G604805,1443021906.938599,gstlal,AllSky,CBC,3.138739852245421e-08,./skymaps/G604805_skymap.fits
S250926cb,G604560,1442950699.302368,gstlal,AllSky,CBC,7.301404412282582e-06,./skymaps/G604560_skymap.fits
S250926w,G603763,1442890859.935547,spiir,AllSky,CBC,1.17270083137555e-05,./skymaps/G603763_skymap.fits
S250926s,G603752,1442887889.966919,gstlal,AllSky,CBC,1.399479186913378e-07,./skymaps/G603752_skymap.fits
S250925bd,G603666,1442872749.842285,spiir,AllSky,CBC,2.245702853542753e-05,./skymaps/G603666_skymap.fits
S250925u,G602241,1442819051.179228,MBTA,AllSky,CBC,2.177709e-05,./skymaps/G602241_skymap.fits
S250925p,G602223,1442806046.595459,gstlal,AllSky,CBC,7.150243529920167e-06,./skymaps/G602223_skymap.fits
S250924di,G602144,1442774019.601562,pycbc,AllSky,CBC,6.423782968070529e-07,./skymaps/G602144_skymap.fits
S250924cy,G602122,1442769324.935547,pycbc,AllSky,CBC,1.635150514683121e-05,./skymaps/G602122_skymap.fits
S250924ct,G602111,1442767536.489502,gstlal,AllSky,CBC,1.797145473994282e-05,./skymaps/G602111_skymap.fits
S250924cb,G602046,1442755469.087891,aframe,AllSky,CBC,7.036331581513745e-07,./skymaps/G602046_skymap.fits
S250924bs,G602017,1442750273.228027,spiir,AllSky,CBC,4.889759566140128e-06,./skymaps/G602017_skymap.fits
S250924ay,G601967,1442735853.335315,MBTA,AllSky,CBC,1.852976e-05,./skymaps/G601967_skymap.fits
S250924ap,G601945,1442731604.311287,MBTA,AllSky,CBC,4.932375e-06,./skymaps/G601945_skymap.fits
S250924aj,G601935,1442726013.308105,pycbc,AllSky,CBC,5.310707359106041e-06,./skymaps/G601935_skymap.fits
S250924u,G601909,1442721859.573048,MBTA,AllSky,CBC,1.025618e-05,./skymaps/G601909_skymap.fits
S250923cj,G601832,1442672533.510592,MBTA,AllSky,CBC,9.691534e-06,./skymaps/G601832_skymap.fits
S250923ac,G601699,1442641838.84668,gstlal,AllSky,CBC,9.001718023809464e-06,./skymaps/G601699_skymap.fits
S250922da,G601578,1442609609.172729,gstlal,AllSky,CBC,2.300542089852233e-05,./skymaps/G601578_skymap.fits
S250922cd,G601515,1442582733.34668,spiir,AllSky,CBC,3.858359832520364e-06,./skymaps/G601515_skymap.fits
S250922bz,G601511,1442582539.901367,gstlal,AllSky,CBC,1.126859845039268e-05,./skymaps/G601511_skymap.fits
S250922bj,G601475,1442574115.91748,pycbc,AllSky,CBC,1.003605224656542e-05,./skymaps/G601475_skymap.fits
S250922a,G601330,1442536864.254485,MBTA,AllSky,CBC,1.930434e-05,./skymaps/G601330_skymap.fits
S250921bn,G601320,1442531384.59436,gstlal,AllSky,CBC,1.067683533880217e-05,./skymaps/G601320_skymap.fits
S250921ag,G601209,1442495883.852108,MBTA,AllSky,CBC,6.64242e-06,./skymaps/G601209_skymap.fits
S250921p,G601149,1442482487.080078,gstlal,AllSky,CBC,7.572660840905065e-06,./skymaps/G601149_skymap.fits
S250920do,G601065,1442433391.500841,gstlal,AllSky,CBC,2.139491466368216e-05,./skymaps/G601065_skymap.fits
S250920df,G601044,1442426717.303223,pycbc,AllSky,CBC,1.741485028607247e-05,./skymaps/G601044_skymap.fits
S250920ce,G600968,1442406236.671875,pycbc,AllSky,CBC,5.917925897064187e-06,./skymaps/G600968_skymap.fits
S250920bq,G600934,1442399277.062988,spiir,AllSky,CBC,6.315164569059561e-08,./skymaps/G600934_skymap.fits
S250920av,G600869,1442384241.271484,pycbc,AllSky,CBC,7.409523234176816e-06,./skymaps/G600869_skymap.fits
S250920r,G600804,1442367564.562744,gstlal,AllSky,CBC,2.272957941431096e-05,./skymaps/G600804_skymap.fits
S250919cf,G600738,1442358266.597656,aframe,AllSky,CBC,8.808187736822764e-06,./skymaps/G600738_skymap.fits
S250919o,G600565,1442290369.413574,pycbc,AllSky,CBC,6.723749559331022e-06,./skymaps/G600565_skymap.fits
S250918ca,G600441,1442232625.904175,gstlal,AllSky,CBC,2.126711922880114e-05,./skymaps/G600441_skymap.fits
S250918bk,G600405,1442223554.76123,spiir,AllSky,CBC,2.173829852836207e-05,./skymaps/G600405_skymap.fits
S250918bi,G600399,1442222758.506658,gstlal,AllSky,CBC,2.246725328820783e-05,./skymaps/G600399_skymap.fits
S250918aw,G600370,1442217853.156738,spiir,AllSky,CBC,1.691778197709937e-05,./skymaps/G600370_skymap.fits
S250918u,G600306,1442203217.862305,pycbc,AllSky,CBC,7.869767645054848e-06,./skymaps/G600306_skymap.fits
S250917aq,G600171,1442150532.400879,gstlal,AllSky,CBC,1.104166983548416e-13,./skymaps/G600171_skymap.fits
S250917ap,G600162,1442149342.71309,gstlal,AllSky,CBC,1.065126006101082e-06,./skymaps/G600162_skymap.fits
S250917ai,G600125,1442127723.376465,pycbc,AllSky,CBC,2.265078410092857e-05,./skymaps/G600125_skymap.fits
S250916m,G599959,1442031795.504395,pycbc,AllSky,CBC,1.815799163300748e-05,./skymaps/G599959_skymap.fits
S250916c,G599930,1442021691.47168,spiir,AllSky,CBC,6.944821052456973e-06,./skymaps/G599930_skymap.fits
S250913n,G599703,1441838086.699707,spiir,AllSky,CBC,1.483728556195274e-05,./skymaps/G599703_skymap.fits
S250913f,G599651,1441792563.932617,spiir,AllSky,CBC,8.808904567558784e-06,./skymaps/G599651_skymap.fits
S250913e,G599647,1441790659.584255,MBTA,AllSky,CBC,5.585354e-06,./skymaps/G599647_skymap.fits
S250912x,G599588,1441742675.571655,gstlal,AllSky,CBC,7.85244662472298e-08,./skymaps/G599588_skymap.fits
S250912s,G599573,1441736506.657227,spiir,AllSky,CBC,3.417643483771826e-06,./skymaps/G599573_skymap.fits
S250912j,G599517,1441701640.96582,spiir,AllSky,CBC,1.804774365155026e-05,./skymaps/G599517_skymap.fits
S250912h,G599509,1441696595.199712,MBTA,AllSky,CBC,2.01027e-05,./skymaps/G599509_skymap.fits
S250912f,G599503,1441694426.840088,gstlal,AllSky,CBC,2.873133719541769e-13,./skymaps/G599503_skymap.fits
S250912e,G599495,1441693393.940186,gstlal,AllSky,CBC,1.466283768615225e-05,./skymaps/G599495_skymap.fits
S250911dy,G599349,1441636433.376953,gstlal,AllSky,CBC,1.22083407745402e-05,./skymaps/G599349_skymap.fits
S250911dh,G599303,1441630465.446411,gstlal,AllSky,CBC,1.164934810241493e-05,./skymaps/G599303_skymap.fits
S250911df,G599296,1441630133.617782,MBTA,AllSky,CBC,5.125855e-06,./skymaps/G599296_skymap.fits
S250911dd,G599291,1441630086.845582,MBTA,AllSky,CBC,2.433467e-06,./skymaps/G599291_skymap.fits
S250911cv,G599267,1441627443.910645,spiir,AllSky,CBC,2.16898879443761e-05,./skymaps/G599267_skymap.fits
S250911by,G599219,1441622027.023804,gstlal,AllSky,CBC,7.81996130962426e-06,./skymaps/G599219_skymap.fits
S250911bx,G599211,1441621237.925725,MBTA,AllSky,CBC,2.271018e-05,./skymaps/G599211_skymap.fits
S250911br,G599198,1441620424.030532,MBTA,AllSky,CBC,1.262403e-06,./skymaps/G599198_skymap.fits
S250911bo,G599188,1441620050.583059,MBTA,AllSky,CBC,1.631322e-05,./skymaps/G599188_skymap.fits
S250911ac,G599109,1441612017.271973,pycbc,AllSky,CBC,6.018337100263316e-09,./skymaps/G599109_skymap.fits
S250911z,G599090,1441611330.059448,gstlal,AllSky,CBC,2.314606525249014e-05,./skymaps/G599090_skymap.fits
S250911t,G599080,1441610184.089731,MBTA,AllSky,CBC,7.870222e-06,./skymaps/G599080_skymap.fits
S250911k,G599057,1441607286.064784,MBTA,AllSky,CBC,9.25265e-06,./skymaps/G599057_skymap.fits
S250911b,G599023,1441584298.28125,gstlal,AllSky,CBC,1.544264443535152e-05,./skymaps/G599023_skymap.fits
S250910ct,G599007,1441578030.667337,MBTA,AllSky,CBC,1.984209e-05,./skymaps/G599007_skymap.fits
S250910cq,G598993,1441574903.469207,MBTA,AllSky,CBC,7.165345e-06,./skymaps/G598993_skymap.fits
S250910co,G598977,1441567486.227048,MBTA,AllSky,CBC,1.311931e-05,./skymaps/G598977_skymap.fits
S250910bd,G598885,1441539511.780471,MBTA,AllSky,CBC,5.772858e-06,./skymaps/G598885_skymap.fits
S250910ba,G598881,1441537660.243164,pycbc,AllSky,CBC,1.668283044192991e-05,./skymaps/G598881_skymap.fits
S250910r,G598771,1441508442.509766,pycbc,AllSky,CBC,1.034963928494756e-05,./skymaps/G598771_skymap.fits
S250910i,G598751,1441504034.794833,gstlal,AllSky,CBC,2.227577123748183e-05,./skymaps/G598751_skymap.fits
S250910b,G598727,1441498095.244627,pycbc,EarlyWarning,CBC,5.576763716878162e-08,./skymaps/G598727_skymap.fits
S250909an,G598696,1441493023.748312,MBTA,AllSky,CBC,4.939666e-06,./skymaps/G598696_skymap.fits
S250909ag,G598675,1441490768.727295,gstlal,AllSky,CBC,2.006968606864524e-05,./skymaps/G598675_skymap.fits
S250909af,G598673,1441490700.815918,pycbc,AllSky,CBC,5.978426022651044e-06,./skymaps/G598673_skymap.fits
S250909n,G598620,1441455765.753296,gstlal,AllSky,CBC,8.28974325274908e-06,./skymaps/G598620_skymap.fits
S250909g,G598583,1441424828.491699,pycbc,AllSky,CBC,1.371864104275812e-05,./skymaps/G598583_skymap.fits
S250909b,G598566,1441415777.623291,gstlal,AllSky,CBC,2.052679290967437e-05,./skymaps/G598566_skymap.fits
S250908y,G598520,1441377286.958374,gstlal,AllSky,CBC,1.149682119198412e-10,./skymaps/G598520_skymap.fits
S250908p,G598474,1441346815.842066,MBTA,AllSky,CBC,1.523188e-06,./skymaps/G598474_skymap.fits
S250908l,G598446,1441328375.010316,gstlal,AllSky,CBC,1.443541938634024e-05,./skymaps/G598446_skymap.fits
S250907ds,G598399,1441317697.404561,MBTA,AllSky,CBC,1.014475e-05,./skymaps/G598399_skymap.fits
S250907bt,G598275,1441269428.910824,MBTA,AllSky,CBC,1.273389e-05,./skymaps/G598275_skymap.fits
S250907af,G598193,1441251020.841096,gstlal,AllSky,CBC,1.788678630282267e-06,./skymaps/G598193_skymap.fits
S250907v,G598173,1441246539.741943,gstlal,AllSky,CBC,1.781796169185086e-05,./skymaps/G598173_skymap.fits
S250907r,G598161,1441246032.763302,MBTA,AllSky,CBC,1.969947e-05,./skymaps/G598161_skymap.fits
S250906dd,G598082,1441224613.420898,gstlal,AllSky,CBC,7.253162216190819e-06,./skymaps/G598082_skymap.fits
S250906ca,G597992,1441196657.098633,gstlal,AllSky,CBC,1.097020577430434e-13,./skymaps/G597992_skymap.fits
S250906ap,G597885,1441168678.924927,gstlal,AllSky,CBC,1.971558073055279e-05,./skymaps/G597885_skymap.fits
S250906aa,G597853,1441165012.678442,MBTA,AllSky,CBC,1.610759e-05,./skymaps/G597853_skymap.fits
S250906c,G597804,1441154315.057082,MBTA,AllSky,CBC,1.896518e-05,./skymaps/G597804_skymap.fits
S250905av,G597630,1441090721.997866,MBTA,AllSky,CBC,1.926574e-05,./skymaps/G597630_skymap.fits
S250905at,G597626,1441089749.164185,gstlal,AllSky,CBC,1.778560808581453e-05,./skymaps/G597626_skymap.fits
S250905h,G597536,1441071564.555664,pycbc,AllSky,CBC,5.810862847596344e-06,./skymaps/G597536_skymap.fits
S250905d,G597525,1441070723.544888,MBTA,AllSky,CBC,1.942468e-05,./skymaps/G597525_skymap.fits
S250904cv,G597451,1441029010.531738,pycbc,AllSky,CBC,3.167545842243851e-10,./skymaps/G597451_skymap.fits
S250904ck,G597416,1441023362.420166,gstlal,AllSky,CBC,2.075959175079346e-05,./skymaps/G597416_skymap.fits
S250904cf,G597404,1441021932.458618,gstlal,AllSky,CBC,1.01714639491941e-05,./skymaps/G597404_skymap.fits
S250904ce,G597394,1441021304.671875,aframe,AllSky,CBC,1.6862910832308175e-05,./skymaps/G597394_skymap.fits
S250904cb,G597388,1441020717.466797,pycbc,AllSky,CBC,3.656614920286302e-06,./skymaps/G597388_skymap.fits
S250904br,G597361,1441016546.021973,pycbc,AllSky,CBC,3.167545842243851e-10,./skymaps/G597361_skymap.fits
S250904ae,G597240,1440992005.66748,pycbc,AllSky,CBC,3.167545842243851e-10,./skymaps/G597240_skymap.fits
S250904p,G597190,1440986031.083984,pycbc,AllSky,CBC,2.210946997886208e-05,./skymaps/G597190_skymap.fits
S250904o,G597181,1440985231.369141,pycbc,AllSky,CBC,1.664513664640721e-05,./skymaps/G597181_skymap.fits
S250904m,G597173,1440984501.079468,gstlal,AllSky,CBC,1.934879143834027e-05,./skymaps/G597173_skymap.fits
S250903fo,G597108,1440972978.457397,gstlal,AllSky,CBC,5.461167915024307e-06,./skymaps/G597108_skymap.fits
S250903fk,G597094,1440968615.107741,gstlal,AllSky,CBC,2.061686929483708e-05,./skymaps/G597094_skymap.fits
S250903ff,G597085,1440965648.439941,pycbc,AllSky,CBC,1.915858427222771e-05,./skymaps/G597085_skymap.fits
S250903er,G597056,1440962316.915283,gstlal,AllSky,CBC,1.244146697803285e-05,./skymaps/G597056_skymap.fits
S250903ej,G597028,1440946019.906231,MBTA,AllSky,CBC,1.973293e-05,./skymaps/G597028_skymap.fits
S250903dz,G597008,1440942820.678101,gstlal,AllSky,CBC,1.596675681183053e-05,./skymaps/G597008_skymap.fits
S250903cv,G596935,1440923706.076832,MBTA,AllSky,CBC,1.68841e-05,./skymaps/G596935_skymap.fits
S250903ao,G596808,1440905825.652746,gstlal,AllSky,CBC,2.225369034246681e-05,./skymaps/G596808_skymap.fits
S250903ad,G596783,1440903480.224609,aframe,AllSky,CBC,1.3259274586213326e-05,./skymaps/G596783_skymap.fits
S250903p,G596753,1440897952.61377,pycbc,AllSky,CBC,6.500120822868605e-06,./skymaps/G596753_skymap.fits
S250903e,G596726,1440893415.933594,spiir,AllSky,CBC,1.199740654556081e-05,./skymaps/G596726_skymap.fits
S250903d,G596725,1440893402.505892,gstlal,AllSky,CBC,1.316984623756679e-05,./skymaps/G596725_skymap.fits
S250902dc,G596700,1440889971.735352,pycbc,AllSky,CBC,2.048420220720676e-05,./skymaps/G596700_skymap.fits
S250902cc,G596626,1440856149.652344,pycbc,AllSky,CBC,7.571068072131252e-06,./skymaps/G596626_skymap.fits
S250902cb,G596623,1440855974.110441,MBTA,AllSky,CBC,1.692041e-05,./skymaps/G596623_skymap.fits
S250902ay,G596552,1440841999.998779,gstlal,AllSky,CBC,2.080103182094274e-05,./skymaps/G596552_skymap.fits
S250902av,G596528,1440832196.831543,pycbc,AllSky,CBC,7.801031900278157e-06,./skymaps/G596528_skymap.fits
S250902ae,G596492,1440823581.173096,gstlal,AllSky,CBC,6.004192950414722e-06,./skymaps/G596492_skymap.fits
S250902h,G596434,1440809777.561768,gstlal,AllSky,CBC,1.97757447856677e-05,./skymaps/G596434_skymap.fits
S250901cu,G596370,1440799763.334214,gstlal,AllSky,CBC,5.555689769603065e-06,./skymaps/G596370_skymap.fits
S250901cr,G596361,1440798256.133789,spiir,AllSky,CBC,1.91642320714891e-05,./skymaps/G596361_skymap.fits
S250901cd,G596332,1440789077.800912,MBTA,AllSky,CBC,1.427441e-05,./skymaps/G596332_skymap.fits
S250901cb,G596325,1440788399.965332,gstlal,AllSky,CBC,3.192646130242868e-14,./skymaps/G596325_skymap.fits
S250901bw,G596304,1440787590.967779,MBTA,AllSky,CBC,1.66415e-05,./skymaps/G596304_skymap.fits
S250901bt,G596298,1440786254.842773,pycbc,AllSky,CBC,2.630330067399294e-06,./skymaps/G596298_skymap.fits
S250901an,G596228,1440744887.134399,gstlal,AllSky,CBC,8.783242752393567e-06,./skymaps/G596228_skymap.fits
S250901k,G596160,1440725544.60791,gstlal,AllSky,CBC,8.542343614471534e-06,./skymaps/G596160_skymap.fits
S250831cm,G596035,1440682568.69391,MBTA,AllSky,CBC,7.560332e-06,./skymaps/G596035_skymap.fits
S250831cc,G596009,1440678666.228027,pycbc,AllSky,CBC,3.81689273990384e-07,./skymaps/G596009_skymap.fits
S250830dw,G595842,1440630522.726213,MBTA,AllSky,CBC,7.847932e-06,./skymaps/G595842_skymap.fits
S250830dp,G595827,1440628824.730347,gstlal,AllSky,CBC,1.626311559717805e-05,./skymaps/G595827_skymap.fits
S250830co,G595748,1440594931.331455,MBTA,AllSky,CBC,4.021281e-06,./skymaps/G595748_skymap.fits
S250830bw,G595718,1440586927.958496,gstlal,AllSky,CBC,9.327811033725919e-06,./skymaps/G595718_skymap.fits
S250830bp,G595696,1440584676.851562,pycbc,AllSky,CBC,3.167545842243851e-10,./skymaps/G595696_skymap.fits
S250830ay,G595628,1440573762.660645,pycbc,AllSky,CBC,2.507746043304457e-06,./skymaps/G595628_skymap.fits
S250830at,G595614,1440571789.505929,MBTA,AllSky,CBC,8.391816e-06,./skymaps/G595614_skymap.fits
S250830ai,G595600,1440568953.951294,gstlal,AllSky,CBC,1.151198303610378e-06,./skymaps/G595600_skymap.fits
S250830m,G595542,1440559647.028215,MBTA,AllSky,CBC,1.189858e-08,./skymaps/G595542_skymap.fits
S250830f,G595517,1440552347.212891,pycbc,AllSky,CBC,7.689851041215397e-06,./skymaps/G595517_skymap.fits
S250830c,G595510,1440551329.678223,pycbc,AllSky,CBC,1.972937603300005e-05,./skymaps/G595510_skymap.fits
S250829gn,G595500,1440544847.492188,gstlal,AllSky,CBC,7.370559585127547e-06,./skymaps/G595500_skymap.fits
S250829ev,G595389,1440512818.203613,pycbc,AllSky,CBC,1.278548203763308e-05,./skymaps/G595389_skymap.fits
S250829eg,G595365,1440507478.584473,spiir,AllSky,CBC,1.02040291949379e-06,./skymaps/G595365_skymap.fits
S250829dm,G595322,1440500683.684082,pycbc,AllSky,CBC,2.917626475290811e-06,./skymaps/G595322_skymap.fits
S250829db,G595301,1440496091.069249,gstlal,AllSky,CBC,9.354603953144371e-06,./skymaps/G595301_skymap.fits
S250829da,G595298,1440494825.642255,gstlal,AllSky,CBC,4.659672298974652e-06,./skymaps/G595298_skymap.fits
S250829bo,G595215,1440485244.321167,gstlal,AllSky,CBC,1.963183741581139e-05,./skymaps/G595215_skymap.fits
S250829bj,G595206,1440484091.250977,gstlal,AllSky,CBC,1.655494922011637e-05,./skymaps/G595206_skymap.fits
S250829z,G595129,1440468992.547248,gstlal,AllSky,CBC,2.140930711156989e-05,./skymaps/G595129_skymap.fits
S250829w,G595115,1440467876.519221,MBTA,AllSky,CBC,5.451331e-06,./skymaps/G595115_skymap.fits
S250828ek,G595055,1440458798.110718,gstlal,AllSky,CBC,1.130839464099594e-05,./skymaps/G595055_skymap.fits
S250828ef,G595034,1440455582.421875,aframe,AllSky,CBC,2.242795210329921e-05,./skymaps/G595034_skymap.fits
S250828cl,G594895,1440405255.338379,pycbc,AllSky,CBC,1.062806656448079e-05,./skymaps/G594895_skymap.fits
S250828ch,G594883,1440404095.325738,gstlal,AllSky,CBC,4.85052854749752e-07,./skymaps/G594883_skymap.fits
S250828cg,G594878,1440403901.774438,gstlal,AllSky,CBC,1.642585839536475e-05,./skymaps/G594878_skymap.fits
S250828br,G594851,1440399209.721726,gstlal,AllSky,CBC,1.360919184319696e-05,./skymaps/G594851_skymap.fits
S250828bn,G594845,1440398670.405273,spiir,AllSky,CBC,3.066069666601834e-06,./skymaps/G594845_skymap.fits
S250828al,G594769,1440388701.510599,MBTA,AllSky,CBC,5.817041e-06,./skymaps/G594769_skymap.fits
S250828aj,G594761,1440387318.345703,pycbc,AllSky,CBC,7.585322028421351e-06,./skymaps/G594761_skymap.fits
S250828ac,G594747,1440384416.083008,pycbc,AllSky,CBC,2.063877844430826e-05,./skymaps/G594747_skymap.fits
S250828x,G594733,1440380981.433899,MBTA,AllSky,CBC,2.035134e-05,./skymaps/G594733_skymap.fits
S250828g,G594696,1440375788.54636,MBTA,AllSky,CBC,1.029634e-05,./skymaps/G594696_skymap.fits
S250828a,G594677,1440374419.266422,gstlal,AllSky,CBC,1.47848161883802e-05,./skymaps/G594677_skymap.fits
S250827fy,G594665,1440372893.331885,gstlal,AllSky,CBC,2.26819234402732e-05,./skymaps/G594665_skymap.fits
S250827fo,G594637,1440370198.310961,MBTA,AllSky,CBC,2.255182e-11,./skymaps/G594637_skymap.fits
S250827et,G594571,1440362620.295166,gstlal,AllSky,CBC,9.782891847931876e-06,./skymaps/G594571_skymap.fits
S250827dh,G594493,1440343308.180664,pycbc,AllSky,CBC,1.574270283595194e-05,./skymaps/G594493_skymap.fits
S250827cf,G594423,1440325179.554619,MBTA,AllSky,CBC,1.295578e-05,./skymaps/G594423_skymap.fits
S250827cc,G594411,1440323933.724119,MBTA,AllSky,CBC,1.669925e-05,./skymaps/G594411_skymap.fits
S250827bu,G594394,1440319666.259332,MBTA,AllSky,CBC,1.081016e-05,./skymaps/G594394_skymap.fits
S250827m,G594260,1440293610.471802,gstlal,AllSky,CBC,6.49167760139109e-06,./skymaps/G594260_skymap.fits
S250827l,G594247,1440293295.537598,pycbc,AllSky,CBC,3.167545842243851e-10,./skymaps/G594247_skymap.fits
S250826c,G593548,1440208274.637021,gstlal,AllSky,CBC,2.251932982274059e-05,./skymaps/G593548_skymap.fits
S250825bz,G593527,1440197216.518054,MBTA,AllSky,CBC,1.836951e-05,./skymaps/G593527_skymap.fits
S250825bf,G593473,1440184690.219817,MBTA,AllSky,CBC,1.266958e-05,./skymaps/G593473_skymap.fits
S250825p,G593365,1440121885.62207,gstlal,AllSky,CBC,1.869456795554596e-06,./skymaps/G593365_skymap.fits
S250824ez,G593320,1440113106.535206,MBTA,AllSky,CBC,2.309177e-05,./skymaps/G593320_skymap.fits
S250824er,G593304,1440112460.702066,MBTA,AllSky,CBC,6.27408e-06,./skymaps/G593304_skymap.fits
S250824dg,G593213,1440089036.272705,gstlal,AllSky,CBC,1.819209338062146e-05,./skymaps/G593213_skymap.fits
S250824db,G593200,1440087702.449146,MBTA,AllSky,CBC,1.171111e-05,./skymaps/G593200_skymap.fits
S250824cf,G593150,1440074828.289062,spiir,AllSky,CBC,1.794503623386845e-05,./skymaps/G593150_skymap.fits
S250824cb,G593140,1440071486.759387,gstlal,AllSky,CBC,8.075155670095155e-06,./skymaps/G593140_skymap.fits
S250824bg,G593091,1440058029.118652,pycbc,AllSky,CBC,1.649657874640597e-06,./skymaps/G593091_skymap.fits
S250823dw,G592936,1440026218.567381,MBTA,AllSky,CBC,2.241708e-05,./skymaps/G592936_skymap.fits
S250823bz,G592821,1439995866.796875,pycbc,AllSky,CBC,3.272074855037898e-06,./skymaps/G592821_skymap.fits
S250823ak,G592703,1439959779.825713,gstlal,AllSky,CBC,9.352547357914965e-06,./skymaps/G592703_skymap.fits
S250823ad,G592681,1439954918.394775,gstlal,AllSky,CBC,8.305531546328613e-06,./skymaps/G592681_skymap.fits
S250823p,G592645,1439946313.196289,pycbc,AllSky,CBC,4.838743028611707e-06,./skymaps/G592645_skymap.fits
S250823e,G592608,1439943458.263916,gstlal,AllSky,CBC,2.283000991388636e-05,./skymaps/G592608_skymap.fits
S250823a,G592597,1439942571.125488,pycbc,AllSky,CBC,1.943669479717672e-05,./skymaps/G592597_skymap.fits
S250822as,G592447,1439906902.527975,gstlal,AllSky,CBC,6.853254399372511e-07,./skymaps/G592447_skymap.fits
S250821ce,G592235,1439812072.945312,gstlal,AllSky,CBC,1.66664212503813e-05,./skymaps/G592235_skymap.fits
S250821br,G592208,1439809453.074463,gstlal,AllSky,CBC,9.315818197555782e-06,./skymaps/G592208_skymap.fits
S250821bm,G592187,1439807683.200927,MBTA,AllSky,CBC,1.867897e-05,./skymaps/G592187_skymap.fits
S250821ao,G592121,1439796636.552246,pycbc,AllSky,CBC,1.128913338175709e-05,./skymaps/G592121_skymap.fits
S250821ah,G592103,1439791735.270416,MBTA,AllSky,CBC,8.190855e-06,./skymaps/G592103_skymap.fits
S250821f,G592028,1439773521.625,pycbc,AllSky,CBC,4.801682742257454e-06,./skymaps/G592028_skymap.fits
S250820ds,G591951,1439751690.720215,pycbc,AllSky,CBC,2.094032880848988e-05,./skymaps/G591951_skymap.fits
S250820do,G591940,1439750241.523914,MBTA,AllSky,CBC,7.519303e-06,./skymaps/G591940_skymap.fits
S250820cx,G591907,1439743133.816162,gstlal,AllSky,CBC,1.308500680467458e-05,./skymaps/G591907_skymap.fits
S250820cw,G591903,1439742920.061523,pycbc,AllSky,CBC,1.257959155788723e-05,./skymaps/G591903_skymap.fits
S250820bm,G591821,1439724206.636526,gstlal,AllSky,CBC,2.074778379198495e-05,./skymaps/G591821_skymap.fits
S250820ae,G591743,1439705582.358398,pycbc,AllSky,CBC,1.619407811847169e-05,./skymaps/G591743_skymap.fits
S250820i,G591680,1439695242.122957,MBTA,AllSky,CBC,9.512592e-06,./skymaps/G591680_skymap.fits
S250818ed,G591486,1439596249.322021,gstlal,AllSky,CBC,1.983664219958843e-05,./skymaps/G591486_skymap.fits
S250818dx,G591467,1439583585.988647,gstlal,AllSky,CBC,1.318988603984595e-05,./skymaps/G591467_skymap.fits
S250818cm,G591349,1439544938.181831,gstlal,AllSky,CBC,1.56263785497612e-06,./skymaps/G591349_skymap.fits
S250818cl,G591345,1439544351.771016,MBTA,AllSky,CBC,2.291669e-05,./skymaps/G591345_skymap.fits
S250818ca,G591318,1439540765.214233,gstlal,AllSky,CBC,1.820292505191451e-05,./skymaps/G591318_skymap.fits
S250818bx,G591310,1439539188.936035,gstlal,AllSky,CBC,1.471773472896921e-05,./skymaps/G591310_skymap.fits
S250818bw,G591306,1439539188.451754,gstlal,AllSky,CBC,1.471773472896921e-05,./skymaps/G591306_skymap.fits
S250818bd,G591255,1439531422.047363,pycbc,AllSky,CBC,7.491879426075155e-06,./skymaps/G591255_skymap.fits
S250818at,G591226,1439525303.98877,spiir,AllSky,CBC,7.221107352961553e-06,./skymaps/G591226_skymap.fits
S250818t,G591162,1439518156.392274,MBTA,AllSky,CBC,1.716028e-11,./skymaps/G591162_skymap.fits
S250818o,G591146,1439516788.751953,pycbc,AllSky,CBC,2.220417959954517e-05,./skymaps/G591146_skymap.fits
S250818k,G591130,1439515224.029785,pycbc,AllSky,CBC,6.81022356082428e-08,./skymaps/G591130_skymap.fits
S250818h,G591122,1439514150.598755,gstlal,AllSky,CBC,5.192076904858665e-06,./skymaps/G591122_skymap.fits
S250817fb,G591100,1439509615.020447,gstlal,AllSky,CBC,7.472703142988298e-07,./skymaps/G591100_skymap.fits
S250817dm,G591002,1439490617.800957,MBTA,AllSky,CBC,1.409966e-05,./skymaps/G591002_skymap.fits
S250817cn,G590933,1439476783.89581,MBTA,AllSky,CBC,1.845067e-05,./skymaps/G590933_skymap.fits
S250817by,G590895,1439468322.706403,gstlal,AllSky,CBC,6.002218208616378e-06,./skymaps/G590895_skymap.fits
S250817f,G590722,1439425674.860499,MBTA,AllSky,CBC,1.046343e-05,./skymaps/G590722_skymap.fits
S250817e,G590724,1439425571.419067,gstlal,AllSky,CBC,2.142891145299539e-06,./skymaps/G590724_skymap.fits
S250816at,G590564,1439386872.116974,MBTA,AllSky,CBC,1.728096e-05,./skymaps/G590564_skymap.fits
S250816w,G590494,1439350601.29477,MBTA,AllSky,CBC,2.279568e-05,./skymaps/G590494_skymap.fits
S250816v,G590490,1439349674.74646,gstlal,AllSky,CBC,7.353895515013082e-06,./skymaps/G590490_skymap.fits
S250815da,G590398,1439331359.422223,MBTA,AllSky,CBC,1.029805e-05,./skymaps/G590398_skymap.fits
S250815cl,G590357,1439325052.871582,pycbc,AllSky,CBC,6.195719667428971e-06,./skymaps/G590357_skymap.fits
S250815cf,G590338,1439321850.101318,gstlal,AllSky,CBC,2.201109233459565e-05,./skymaps/G590338_skymap.fits
S250815cc,G590327,1439320737.988784,MBTA,AllSky,CBC,1.68088e-05,./skymaps/G590327_skymap.fits
S250815be,G590276,1439308319.68865,gstlal,AllSky,CBC,2.217387004467834e-06,./skymaps/G590276_skymap.fits
S250815v,G590160,1439266646.288354,MBTA,AllSky,CBC,1.620978e-05,./skymaps/G590160_skymap.fits
S250814ee,G590069,1439246311.08606,gstlal,AllSky,CBC,2.283938788474049e-05,./skymaps/G590069_skymap.fits
S250814cb,G589917,1439199929.63808,gstlal,AllSky,CBC,1.688779175895674e-05,./skymaps/G589917_skymap.fits
S250814bs,G589898,1439194973.166635,MBTA,AllSky,CBC,1.196653e-05,./skymaps/G589898_skymap.fits
S250814bg,G589877,1439192123.587158,gstlal,AllSky,CBC,0.0001197024141782156,./skymaps/G589877_skymap.fits
S250814at,G589841,1439185129.808011,MBTA,AllSky,CBC,2.06073e-05,./skymaps/G589841_skymap.fits
S250813cq,G589701,1439159491.002319,gstlal,AllSky,CBC,7.389470857125778e-06,./skymaps/G589701_skymap.fits
S250813cp,G589702,1439159461.021484,pycbc,AllSky,CBC,1.611742350908939e-05,./skymaps/G589702_skymap.fits
S250813ck,G589694,1439158264.072388,gstlal,AllSky,CBC,1.175678604297796e-05,./skymaps/G589694_skymap.fits
S250813bv,G589661,1439151817.195516,gstlal,AllSky,CBC,6.08811377041842e-06,./skymaps/G589661_skymap.fits
S250813ak,G589542,1439102284.19393,gstlal,AllSky,CBC,8.618296779727453e-07,./skymaps/G589542_skymap.fits
S250813ab,G589512,1439095592.088587,MBTA,AllSky,CBC,8.779706e-06,./skymaps/G589512_skymap.fits
S250813v,G589496,1439095189.0888,gstlal,AllSky,CBC,8.913944680119794e-06,./skymaps/G589496_skymap.fits
S250813k,G589464,1439086338.444336,spiir,AllSky,CBC,1.260539034264596e-10,./skymaps/G589464_skymap.fits
S250812bl,G589410,1439064073.041489,MBTA,AllSky,CBC,1.798742e-05,./skymaps/G589410_skymap.fits
S250812ae,G589309,1439007650.156494,gstlal,AllSky,CBC,2.06809532285298e-05,./skymaps/G589309_skymap.fits
S250811an,G589219,1438990758.814575,gstlal,AllSky,CBC,2.050311879177218e-05,./skymaps/G589219_skymap.fits
S250810ck,G588981,1438871055.335815,gstlal,AllSky,CBC,5.37903494434587e-20,./skymaps/G588981_skymap.fits
S250810ca,G588951,1438865346.213867,gstlal,AllSky,CBC,8.809155581736188e-06,./skymaps/G588951_skymap.fits
S250810bu,G588925,1438862907.470947,gstlal,AllSky,CBC,2.297655274001994e-05,./skymaps/G588925_skymap.fits
S250810bk,G588888,1438852212.634981,MBTA,AllSky,CBC,1.505187e-05,./skymaps/G588888_skymap.fits
S250810bd,G588872,1438847387.174316,pycbc,AllSky,CBC,1.417793518988348e-05,./skymaps/G588872_skymap.fits
S250810ab,G588788,1438831560.63623,pycbc,AllSky,CBC,1.057168424848885e-05,./skymaps/G588788_skymap.fits
S250810w,G588765,1438829034.279737,MBTA,AllSky,CBC,9.195143e-06,./skymaps/G588765_skymap.fits
S250809be,G588625,1438781655.996094,pycbc,AllSky,CBC,9.259053251463e-06,./skymaps/G588625_skymap.fits
S250809an,G588578,1438769518.621094,gstlal,AllSky,CBC,1.821001071513653e-05,./skymaps/G588578_skymap.fits
S250809ab,G588541,1438764456.205223,gstlal,AllSky,CBC,1.789996181742261e-05,./skymaps/G588541_skymap.fits
S250808ct,G588270,1438684831.209791,MBTA,AllSky,CBC,2.181625e-05,./skymaps/G588270_skymap.fits
S250808cq,G588253,1438683204.53125,spiir,AllSky,CBC,1.909578713821247e-05,./skymaps/G588253_skymap.fits
S250808cg,G588227,1438681023.271558,gstlal,AllSky,CBC,5.082860177470822e-06,./skymaps/G588227_skymap.fits
S250808cb,G588217,1438680077.535034,gstlal,AllSky,CBC,2.160685653515543e-05,./skymaps/G588217_skymap.fits
S250808bb,G588156,1438668179.934982,MBTA,AllSky,CBC,2.289899e-05,./skymaps/G588156_skymap.fits
S250808y,G588067,1438653415.540041,MBTA,AllSky,CBC,2.190046e-05,./skymaps/G588067_skymap.fits
S250808o,G588045,1438650379.112313,gstlal,AllSky,CBC,2.084529483327968e-05,./skymaps/G588045_skymap.fits
S250808d,G588022,1438647264.807983,gstlal,AllSky,CBC,2.151992084421183e-05,./skymaps/G588022_skymap.fits
S250807y,G587777,1438574635.557654,MBTA,AllSky,CBC,6.162135e-06,./skymaps/G587777_skymap.fits
S250807j,G587736,1438567071.689453,pycbc,AllSky,CBC,9.619203213726126e-06,./skymaps/G587736_skymap.fits
S250806fj,G587692,1438559006.006348,pycbc,AllSky,CBC,1.042819442183521e-05,./skymaps/G587692_skymap.fits
S250806ec,G587618,1438548928.27793,gstlal,AllSky,CBC,5.222563011107413e-06,./skymaps/G587618_skymap.fits
S250806dz,G587610,1438548524.197632,gstlal,AllSky,CBC,1.703808284494766e-05,./skymaps/G587610_skymap.fits
S250806dt,G587589,1438546841.063477,pycbc,AllSky,CBC,1.82764227551628e-05,./skymaps/G587589_skymap.fits
S250806dg,G587552,1438538376.114014,gstlal,AllSky,CBC,2.15189574301698e-05,./skymaps/G587552_skymap.fits
S250806bl,G587416,1438501729.929199,gstlal,AllSky,CBC,4.324252387669309e-06,./skymaps/G587416_skymap.fits
S250806bj,G587403,1438499467.666992,pycbc,AllSky,CBC,1.894097387286555e-05,./skymaps/G587403_skymap.fits
S250806ap,G587353,1438492898.475586,pycbc,AllSky,CBC,1.910917055708871e-05,./skymaps/G587353_skymap.fits
S250806ah,G587338,1438489950.971313,gstlal,AllSky,CBC,1.082754550024848e-06,./skymaps/G587338_skymap.fits
S250805eo,G587256,1438471974.944458,gstlal,AllSky,CBC,1.00941507247407e-05,./skymaps/G587256_skymap.fits
S250805eh,G587242,1438466398.338379,spiir,AllSky,CBC,9.542070984025486e-06,./skymaps/G587242_skymap.fits
S250805eg,G587214,1438436966.935683,MBTA,AllSky,CBC,1.885346e-07,./skymaps/G587214_skymap.fits
S250805dr,G587168,1438428824.016721,gstlal,AllSky,CBC,1.711284539066428e-05,./skymaps/G587168_skymap.fits
S250805cu,G587111,1438421167.943832,gstlal,AllSky,CBC,9.288730788093698e-06,./skymaps/G587111_skymap.fits
S250805ct,G587115,1438421133.423096,gstlal,AllSky,CBC,3.961399873068587e-06,./skymaps/G587115_skymap.fits
S250805cd,G587085,1438417716.29248,spiir,AllSky,CBC,6.256661436054856e-06,./skymaps/G587085_skymap.fits
S250805ad,G586980,1438397142.864258,spiir,AllSky,CBC,1.464423621655442e-05,./skymaps/G586980_skymap.fits
S250804e,G586632,1438304149.444824,pycbc,AllSky,CBC,2.44661240854915e-06,./skymaps/G586632_skymap.fits
S250803cg,G586537,1438275431.911585,gstlal,AllSky,CBC,2.631974787278078e-06,./skymaps/G586537_skymap.fits
S250803cd,G586529,1438273575.248535,pycbc,AllSky,CBC,1.887382190100999e-05,./skymaps/G586529_skymap.fits
S250803bn,G586486,1438265166.419798,gstlal,AllSky,CBC,1.220098777218074e-05,./skymaps/G586486_skymap.fits
S250803ao,G586404,1438232126.41528,MBTA,AllSky,CBC,1.808081e-05,./skymaps/G586404_skymap.fits
S250803z,G586364,1438227118.073742,MBTA,AllSky,CBC,4.660509e-06,./skymaps/G586364_skymap.fits
S250802en,G586313,1438214043.084448,gstlal,AllSky,CBC,1.626186623471043e-05,./skymaps/G586313_skymap.fits
S250802ef,G586293,1438209595.419518,MBTA,AllSky,CBC,2.040603e-06,./skymaps/G586293_skymap.fits
S250802dq,G586249,1438203076.693848,pycbc,AllSky,CBC,1.20297055996737e-05,./skymaps/G586249_skymap.fits
S250802dn,G586239,1438201530.021973,MBTA,AllSky,CBC,5.494101e-08,./skymaps/G586239_skymap.fits
S250802dd,G586214,1438192597.760254,pycbc,AllSky,CBC,4.154236372102811e-06,./skymaps/G586214_skymap.fits
S250802ch,G586138,1438165347.660977,gstlal,AllSky,CBC,1.349139874186076e-05,./skymaps/G586138_skymap.fits
S250802bl,G586087,1438157263.484619,gstlal,AllSky,CBC,9.716842935850564e-06,./skymaps/G586087_skymap.fits
S250802at,G586038,1438153011.598212,MBTA,AllSky,CBC,3.00126e-06,./skymaps/G586038_skymap.fits
S250802aq,G586028,1438149722.57959,spiir,AllSky,CBC,1.1540638297447e-05,./skymaps/G586028_skymap.fits
S250802ap,G586026,1438149154.628418,pycbc,AllSky,CBC,1.052512132460787e-05,./skymaps/G586026_skymap.fits
S250801cx,G585921,1438127113.737793,pycbc,AllSky,CBC,2.22811509635117e-05,./skymaps/G585921_skymap.fits
S250801ct,G585892,1438103672.329834,gstlal,AllSky,CBC,1.406964850652838e-05,./skymaps/G585892_skymap.fits
S250801cn,G585882,1438100866.448486,gstlal,AllSky,CBC,1.329322511419552e-05,./skymaps/G585882_skymap.fits
S250801ao,G585751,1438068637.715308,MBTA,AllSky,CBC,2.237303e-05,./skymaps/G585751_skymap.fits
S250801u,G585687,1438047512.895874,gstlal,AllSky,CBC,1.115220369060133e-05,./skymaps/G585687_skymap.fits
S250801t,G585674,1438047290.048965,gstlal,AllSky,CBC,2.307955686573004e-05,./skymaps/G585674_skymap.fits
S250801i,G585656,1438044235.083984,pycbc,AllSky,CBC,1.088051996810763e-05,./skymaps/G585656_skymap.fits
S250801h,G585653,1438044067.054443,gstlal,AllSky,CBC,8.702899693930379e-07,./skymaps/G585653_skymap.fits
S250731bf,G585561,1438005746.158203,pycbc,AllSky,CBC,4.200829517817147e-07,./skymaps/G585561_skymap.fits
S250730c,G585330,1437921044.02002,pycbc,AllSky,CBC,6.896064053149087e-06,./skymaps/G585330_skymap.fits
S250730a,G585320,1437917451.539505,MBTA,AllSky,CBC,2.652394e-06,./skymaps/G585320_skymap.fits
S250729cg,G585235,1437830594.362305,pycbc,AllSky,CBC,2.293081461575591e-05,./skymaps/G585235_skymap.fits
S250729bt,G585215,1437826044.273029,gstlal,AllSky,CBC,1.758061112014868e-05,./skymaps/G585215_skymap.fits
S250729bi,G585194,1437823905.913818,gstlal,AllSky,CBC,2.108968553081327e-05,./skymaps/G585194_skymap.fits
S250729bg,G585186,1437823149.737183,gstlal,AllSky,CBC,8.168698464501633e-06,./skymaps/G585186_skymap.fits
S250729ak,G585135,1437812880.179421,MBTA,AllSky,CBC,6.88804e-06,./skymaps/G585135_skymap.fits
S250729n,G585080,1437804364.597168,pycbc,AllSky,CBC,1.731412232828911e-05,./skymaps/G585080_skymap.fits
S250728dt,G585000,1437747984.887144,MBTA,AllSky,CBC,5.199806e-06,./skymaps/G585000_skymap.fits
S250728do,G584983,1437744745.827148,pycbc,AllSky,CBC,1.117510173143631e-06,./skymaps/G584983_skymap.fits
S250728de,G584946,1437741422.114251,MBTA,AllSky,CBC,1.652925e-05,./skymaps/G584946_skymap.fits
S250728cd,G584879,1437731998.360352,spiir,AllSky,CBC,1.498276378697483e-05,./skymaps/G584879_skymap.fits
S250728bx,G584856,1437728086.189419,MBTA,AllSky,CBC,6.698756e-06,./skymaps/G584856_skymap.fits
S250728bp,G584840,1437722680.926758,pycbc,AllSky,CBC,8.155797034609467e-06,./skymaps/G584840_skymap.fits
S250728ar,G584783,1437717926.056964,MBTA,AllSky,CBC,1.172521e-05,./skymaps/G584783_skymap.fits
S250728ae,G584746,1437714814.590605,MBTA,AllSky,CBC,7.062657e-06,./skymaps/G584746_skymap.fits
S250728y,G584723,1437712862.55811,MBTA,AllSky,CBC,1.517018e-06,./skymaps/G584723_skymap.fits
S250728p,G584696,1437703538.266602,pycbc,AllSky,CBC,1.552034111782642e-05,./skymaps/G584696_skymap.fits
S250728d,G584665,1437698592.400879,spiir,AllSky,CBC,5.184615929465508e-06,./skymaps/G584665_skymap.fits
S250727dw,G584622,1437692464.069594,MBTA,AllSky,CBC,1.254625e-05,./skymaps/G584622_skymap.fits
S250727dk,G584593,1437689084.500802,gstlal,AllSky,CBC,1.683247725211298e-05,./skymaps/G584593_skymap.fits
S250727di,G584585,1437686739.901875,gstlal,AllSky,CBC,1.729916999092171e-05,./skymaps/G584585_skymap.fits
S250727dc,G584566,1437681726.457275,gstlal,AllSky,CBC,1.119616846984908e-18,./skymaps/G584566_skymap.fits
S250727cm,G584503,1437675131.713867,pycbc,AllSky,CBC,1.162489324103493e-05,./skymaps/G584503_skymap.fits
S250727cl,G584492,1437674627.654941,MBTA,AllSky,CBC,4.003769e-20,./skymaps/G584492_skymap.fits
S250727ck,G584483,1437674138.022852,gstlal,AllSky,CBC,7.792359821961207e-06,./skymaps/G584483_skymap.fits
S250727bh,G584412,1437654056.66442,MBTA,AllSky,CBC,1.950845e-05,./skymaps/G584412_skymap.fits
S250727bg,G584407,1437653492.825939,MBTA,AllSky,CBC,1.131188e-05,./skymaps/G584407_skymap.fits
S250727as,G584360,1437644319.732422,pycbc,AllSky,CBC,2.192258477416969e-06,./skymaps/G584360_skymap.fits
S250727w,G584311,1437629292.382286,MBTA,AllSky,CBC,3.154414e-06,./skymaps/G584311_skymap.fits
S250727h,G584277,1437614322.745582,MBTA,AllSky,CBC,5.243e-06,./skymaps/G584277_skymap.fits
S250726cb,G584121,1437574571.791737,MBTA,AllSky,CBC,8.869598e-06,./skymaps/G584121_skymap.fits
S250726bt,G584098,1437571559.92041,spiir,AllSky,CBC,2.285671325807925e-05,./skymaps/G584098_skymap.fits
S250726ak,G583997,1437553713.370102,MBTA,AllSky,CBC,4.675774e-12,./skymaps/G583997_skymap.fits
S250726ah,G583977,1437551565.66689,MBTA,AllSky,CBC,1.792538e-06,./skymaps/G583977_skymap.fits
S250725cd,G583827,1437511272.166992,spiir,AllSky,CBC,1.27643243104103e-05,./skymaps/G583827_skymap.fits
S250725bx,G583814,1437502039.695557,gstlal,AllSky,CBC,1.934778586120233e-05,./skymaps/G583814_skymap.fits
S250725bw,G583804,1437499611.827393,gstlal,AllSky,CBC,7.114890806678533e-06,./skymaps/G583804_skymap.fits
S250725bi,G583770,1437492506.738281,spiir,AllSky,CBC,2.071927156066522e-05,./skymaps/G583770_skymap.fits
S250725l,G583643,1437452468.939941,pycbc,AllSky,CBC,2.97749309170922e-08,./skymaps/G583643_skymap.fits
S250725j,G583631,1437451802.252075,gstlal,AllSky,CBC,4.255655949238581e-11,./skymaps/G583631_skymap.fits
S250724ap,G583334,1437371323.567216,gstlal,AllSky,CBC,4.776468812523394e-06,./skymaps/G583334_skymap.fits
S250724q,G583280,1437361088.668945,pycbc,AllSky,CBC,7.804832955288848e-06,./skymaps/G583280_skymap.fits
S250724j,G583266,1437359199.248548,gstlal,AllSky,CBC,9.137941263261118e-06,./skymaps/G583266_skymap.fits
S250724f,G583257,1437358459.082795,gstlal,AllSky,CBC,1.465898631562481e-05,./skymaps/G583257_skymap.fits
S250723cb,G583204,1437333511.785156,spiir,AllSky,CBC,2.071914423140697e-05,./skymaps/G583204_skymap.fits
S250723bb,G583111,1437301969.986816,gstlal,AllSky,CBC,8.557211883373148e-06,./skymaps/G583111_skymap.fits
S250723an,G583075,1437294741.318073,MBTA,AllSky,CBC,2.007846e-05,./skymaps/G583075_skymap.fits
S250723al,G583067,1437293716.426758,pycbc,AllSky,CBC,1.577057723936368e-05,./skymaps/G583067_skymap.fits
S250723ai,G583064,1437293309.424316,pycbc,AllSky,CBC,2.005056518140358e-06,./skymaps/G583064_skymap.fits
S250722az,G582919,1437221035.634399,gstlal,AllSky,CBC,4.903292343405433e-06,./skymaps/G582919_skymap.fits
S250722y,G582830,1437198455.304688,pycbc,AllSky,CBC,1.454410348924686e-05,./skymaps/G582830_skymap.fits
S250721m,G582543,1437104327.380254,MBTA,AllSky,CBC,1.12492e-05,./skymaps/G582543_skymap.fits
S250721l,G582537,1437103966.211176,gstlal,AllSky,CBC,1.107145638900923e-05,./skymaps/G582537_skymap.fits
S250721e,G582526,1437101829.776611,gstlal,AllSky,CBC,6.871398385519335e-06,./skymaps/G582526_skymap.fits
S250720br,G582499,1437085732.37794,MBTA,AllSky,CBC,1.980307e-05,./skymaps/G582499_skymap.fits
S250720bo,G582489,1437083486.351074,pycbc,AllSky,CBC,2.071606656285901e-05,./skymaps/G582489_skymap.fits
S250720af,G582371,1437053522.146765,gstlal,AllSky,CBC,4.867835181392685e-06,./skymaps/G582371_skymap.fits
S250720j,G582312,1437012926.464454,MBTA,SSM,CBC,3.014051e-05,./skymaps/G582312_skymap.fits
S250719bh,G582165,1436961631.293935,MBTA,AllSky,CBC,2.267793e-05,./skymaps/G582165_skymap.fits
S250719ap,G582132,1436954453.680176,spiir,AllSky,CBC,6.434974693547701e-06,./skymaps/G582132_skymap.fits
S250719ak,G582113,1436947262.16832,gstlal,AllSky,CBC,1.806708234595912e-05,./skymaps/G582113_skymap.fits
S250718ep,G582007,1436916021.282921,MBTA,AllSky,CBC,1.607177e-05,./skymaps/G582007_skymap.fits
S250718ej,G581985,1436912923.089844,pycbc,AllSky,CBC,1.133886385148031e-05,./skymaps/G581985_skymap.fits
S250718ee,G581970,1436910855.288574,pycbc,AllSky,CBC,1.1342664906491e-05,./skymaps/G581970_skymap.fits
S250718ea,G581950,1436906937.959064,MBTA,AllSky,CBC,2.200626e-05,./skymaps/G581950_skymap.fits
S250718dt,G581922,1436903226.027832,pycbc,AllSky,CBC,1.811962923597173e-05,./skymaps/G581922_skymap.fits
S250718cl,G581863,1436894232.145996,pycbc,AllSky,CBC,1.761725646539185e-05,./skymaps/G581863_skymap.fits
S250718cf,G581856,1436892506.573808,MBTA,AllSky,CBC,9.206308e-06,./skymaps/G581856_skymap.fits
S250718br,G581819,1436886831.329116,gstlal,AllSky,CBC,1.603495199764708e-05,./skymaps/G581819_skymap.fits
S250718bc,G581792,1436880567.184331,gstlal,AllSky,CBC,1.374293880893851e-05,./skymaps/G581792_skymap.fits
S250718as,G581761,1436865353.138794,gstlal,AllSky,CBC,1.767244209811699e-05,./skymaps/G581761_skymap.fits
S250718aq,G581745,1436863151.40332,gstlal,AllSky,CBC,1.533771066950083e-05,./skymaps/G581745_skymap.fits
S250718af,G581714,1436854136.598753,gstlal,AllSky,CBC,2.187155052577087e-05,./skymaps/G581714_skymap.fits
S250718m,G581654,1436837716.770264,gstlal,AllSky,CBC,1.372084247868107e-06,./skymaps/G581654_skymap.fits
S250718k,G581650,1436835971.546297,MBTA,AllSky,CBC,1.988457e-05,./skymaps/G581650_skymap.fits
S250717ac,G581511,1436786937.386719,pycbc,AllSky,CBC,7.963210247401041e-07,./skymaps/G581511_skymap.fits
S250717x,G581496,1436778082.026245,gstlal,AllSky,CBC,4.440003603886418e-07,./skymaps/G581496_skymap.fits
